Sales,CompPrice,Income,Advertising,Population,Price,Age,Education,Urban,ShelveLoc,US
9.5,138,73,11,276,120,42,17,Yes,Bad,Yes
11.22,111,48,16,260,83,65,10,Yes,Good,Yes
10.06,113,35,10,269,80,59,12,Yes,Medium,Yes
7.4,117,100,4,466,97,55,14,Yes,Medium,Yes
4.15,141,64,3,340,128,38,13,Yes,Bad,No
10.81,124,113,13,501,72,78,16,No,Bad,Yes
6.63,115,105,0,45,108,71,15,Yes,Medium,No
11.85,136,81,15,425,120,67,10,Yes,Good,Yes
6.54,132,110,0,108,124,76,10,No,Medium,No
4.69,132,113,0,131,124,76,17,No,Medium,Yes
9.01,121,78,9,150,100,26,10,No,Bad,Yes
11.96,117,94,4,503,94,50,13,Yes,Good,Yes
3.98,122,35,2,393,136,62,18,Yes,Medium,No
10.96,115,28,11,29,86,53,18,Yes,Good,Yes
11.17,107,117,11,148,118,52,18,Yes,Good,Yes
8.71,149,95,5,400,144,76,18,No,Medium,No
7.58,118,32,0,284,110,63,13,Yes,Good,No
12.29,147,74,13,251,131,52,10,Yes,Good,Yes
13.91,110,110,0,408,68,46,17,No,Good,Yes
8.73,129,76,16,58,121,69,12,Yes,Medium,Yes
6.41,125,90,2,367,131,35,18,Yes,Medium,Yes
12.13,134,29,12,239,109,62,18,No,Good,Yes
5.08,128,46,6,497,138,42,13,Yes,Medium,No
5.87,121,31,0,292,109,79,10,Yes,Medium,No
10.14,145,119,16,294,113,42,12,Yes,Bad,Yes
14.9,139,32,0,176,82,54,11,No,Good,No
8.33,107,115,11,496,131,50,11,No,Good,Yes
5.27,98,118,0,19,107,64,17,Yes,Medium,No
2.99,103,74,0,359,97,55,11,Yes,Bad,Yes
7.81,104,99,15,226,102,58,17,Yes,Bad,Yes
13.55,125,94,0,447,89,30,12,Yes,Good,No
8.25,136,58,16,241,131,44,18,Yes,Medium,Yes
6.2,107,32,12,236,137,64,10,No,Good,Yes
8.77,114,38,13,317,128,50,16,Yes,Good,Yes
2.67,115,54,0,406,128,42,17,Yes,Medium,Yes
11.07,131,84,11,29,96,44,17,No,Medium,Yes
8.89,122,76,0,270,100,60,18,No,Good,No
4.95,121,41,5,412,110,54,10,Yes,Medium,Yes
6.59,109,73,0,454,102,65,15,Yes,Medium,No
3.24,130,60,0,144,138,38,10,No,Bad,No
2.07,119,98,0,18,126,73,17,No,Bad,No
7.96,157,53,0,403,124,58,16,Yes,Bad,No
10.43,77,69,0,25,24,50,18,Yes,Medium,No
4.12,123,42,11,16,134,59,13,Yes,Medium,Yes
4.16,85,79,6,325,95,69,13,Yes,Medium,Yes
4.56,141,63,0,168,135,44,12,Yes,Bad,Yes
12.44,127,90,14,16,70,48,15,No,Medium,Yes
4.38,126,98,0,173,108,55,16,Yes,Bad,No
3.91,116,52,0,349,98,69,18,Yes,Bad,No
10.61,157,93,0,51,149,32,17,Yes,Good,No
1.42,99,32,18,341,108,80,16,Yes,Bad,Yes
4.42,121,90,0,150,108,75,16,Yes,Bad,No
7.91,153,40,3,112,129,39,18,Yes,Bad,Yes
6.92,109,64,13,39,119,61,17,Yes,Medium,Yes
4.9,134,103,13,25,144,76,17,No,Medium,Yes
6.85,143,81,5,60,154,61,18,Yes,Medium,Yes
11.91,133,82,0,54,84,50,17,Yes,Medium,No
0.91,93,91,0,22,117,75,11,Yes,Bad,No
5.42,103,93,15,188,103,74,16,Yes,Bad,Yes
5.21,118,71,4,148,114,80,13,Yes,Medium,No
8.32,122,102,19,469,123,29,13,Yes,Bad,Yes
7.32,105,32,0,358,107,26,13,No,Medium,No
1.82,139,45,0,146,133,77,17,Yes,Bad,Yes
8.47,119,88,10,170,101,61,13,Yes,Medium,Yes
7.8,100,67,12,184,104,32,16,No,Medium,Yes
4.9,122,26,0,197,128,55,13,No,Medium,No
8.85,127,92,0,508,91,56,18,Yes,Medium,No
9.01,126,61,14,152,115,47,16,Yes,Medium,Yes
13.39,149,69,20,366,134,60,13,Yes,Good,Yes
7.99,127,59,0,339,99,65,12,Yes,Medium,No
9.46,89,81,15,237,99,74,12,Yes,Good,Yes
6.5,148,51,16,148,150,58,17,No,Medium,Yes
5.52,115,45,0,432,116,25,15,Yes,Medium,No
12.61,118,90,10,54,104,31,11,No,Good,Yes
6.2,150,68,5,125,136,64,13,No,Medium,Yes
8.55,88,111,23,480,92,36,16,No,Bad,Yes
10.64,102,87,10,346,70,64,15,Yes,Medium,Yes
7.7,118,71,12,44,89,67,18,No,Medium,Yes
4.43,134,48,1,139,145,65,12,Yes,Medium,Yes
9.14,134,67,0,286,90,41,13,Yes,Bad,No
8.01,113,100,16,353,79,68,11,Yes,Bad,Yes
7.52,116,72,0,237,128,70,13,Yes,Good,No
11.62,151,83,4,325,139,28,17,Yes,Good,Yes
4.42,109,36,7,468,94,56,11,Yes,Bad,Yes
2.23,111,25,0,52,121,43,18,No,Bad,No
8.47,125,103,0,304,112,49,13,No,Medium,No
8.7,150,84,9,432,134,64,15,Yes,Medium,No
11.7,131,67,7,272,126,54,16,No,Good,Yes
6.56,117,42,7,144,111,62,10,Yes,Medium,Yes
7.95,128,66,3,493,119,45,16,No,Medium,No
5.33,115,22,0,491,103,64,11,No,Medium,No
4.81,97,46,11,267,107,80,15,Yes,Medium,Yes
4.53,114,113,0,97,125,29,12,Yes,Medium,No
8.86,145,30,0,67,104,55,17,Yes,Medium,No
8.39,115,97,5,134,84,55,11,Yes,Bad,Yes
5.58,134,25,10,237,148,59,13,Yes,Medium,Yes
9.48,147,42,10,407,132,73,16,No,Good,Yes
7.45,161,82,5,287,129,33,16,Yes,Bad,Yes
12.49,122,77,24,382,127,36,16,No,Good,Yes
4.88,121,47,3,220,107,56,16,No,Bad,Yes
4.11,113,69,11,94,106,76,12,No,Medium,Yes
6.2,128,93,0,89,118,34,18,Yes,Medium,No
5.3,113,22,0,57,97,65,16,No,Medium,No
5.07,123,91,0,334,96,78,17,Yes,Bad,Yes
4.62,121,96,0,472,138,51,12,Yes,Medium,No
5.55,104,100,8,398,97,61,11,Yes,Medium,Yes
0.16,102,33,0,217,139,70,18,No,Medium,No
8.55,134,107,0,104,108,60,12,Yes,Medium,No
3.47,107,79,2,488,103,65,16,Yes,Bad,No
8.98,115,65,0,217,90,60,17,No,Medium,No
9.0,128,62,7,125,116,43,14,Yes,Medium,Yes
6.62,132,118,12,272,151,43,14,Yes,Medium,Yes
6.67,116,99,5,298,125,62,12,Yes,Good,Yes
6.01,131,29,11,335,127,33,12,Yes,Bad,Yes
9.31,122,87,9,17,106,65,13,Yes,Medium,Yes
8.54,139,35,0,95,129,42,13,Yes,Medium,No
5.08,135,75,0,202,128,80,10,No,Medium,No
8.8,145,53,0,507,119,41,12,Yes,Medium,No
7.57,112,88,2,243,99,62,11,Yes,Medium,Yes
7.37,130,94,8,137,128,64,12,Yes,Medium,Yes
6.87,128,105,11,249,131,63,13,Yes,Medium,Yes
11.67,125,89,10,380,87,28,10,Yes,Bad,Yes
6.88,119,100,5,45,108,75,10,Yes,Medium,Yes
8.19,127,103,0,125,155,29,15,No,Good,Yes
8.87,131,113,0,181,120,63,14,Yes,Good,No
9.34,89,78,0,181,49,43,15,No,Medium,No
11.27,153,68,2,60,133,59,16,Yes,Good,Yes
6.52,125,48,3,192,116,51,14,Yes,Medium,Yes
4.96,133,100,3,350,126,55,13,Yes,Bad,Yes
4.47,143,120,7,279,147,40,10,No,Bad,Yes
8.41,94,84,13,497,77,51,12,Yes,Medium,Yes
6.5,108,69,3,208,94,77,16,Yes,Medium,No
9.54,125,87,9,232,136,72,10,Yes,Good,Yes
7.62,132,98,2,265,97,62,12,Yes,Bad,Yes
3.67,132,31,0,327,131,76,16,Yes,Medium,No
6.44,96,94,14,384,120,36,18,No,Medium,Yes
5.17,131,75,0,10,120,31,18,No,Bad,No
6.52,128,42,0,436,118,80,11,Yes,Medium,No
10.27,125,103,12,371,109,44,10,Yes,Medium,Yes
12.3,146,62,10,310,94,30,13,No,Medium,Yes
6.03,133,60,10,277,129,45,18,Yes,Medium,Yes
6.53,140,42,0,331,131,28,15,Yes,Bad,No
7.44,124,84,0,300,104,77,15,Yes,Medium,No
0.53,122,88,7,36,159,28,17,Yes,Bad,Yes
9.09,132,68,0,264,123,34,11,No,Good,No
8.77,144,63,11,27,117,47,17,Yes,Medium,Yes
3.9,114,83,0,412,131,39,14,Yes,Bad,No
10.51,140,54,9,402,119,41,16,No,Good,Yes
7.56,110,119,0,384,97,72,14,No,Medium,Yes
11.48,121,120,13,140,87,56,11,Yes,Medium,Yes
10.49,122,84,8,176,114,57,10,No,Good,Yes
10.77,111,58,17,407,103,75,17,No,Good,Yes
7.64,128,78,0,341,128,45,13,No,Good,No
5.93,150,36,7,488,150,25,17,No,Medium,Yes
6.89,129,69,10,289,110,50,16,No,Medium,Yes
7.71,98,72,0,59,69,65,16,Yes,Medium,No
7.49,146,34,0,220,157,51,16,Yes,Good,No
10.21,121,58,8,249,90,48,13,No,Medium,Yes
12.53,142,90,1,189,112,39,10,No,Good,Yes
9.32,119,60,0,372,70,30,18,No,Bad,No
4.67,111,28,0,486,111,29,12,No,Medium,No
2.93,143,21,5,81,160,67,12,No,Medium,Yes
3.63,122,74,0,424,149,51,13,Yes,Medium,No
5.68,130,64,0,40,106,39,17,No,Bad,No
8.22,148,64,0,58,141,27,13,No,Medium,Yes
0.37,147,58,7,100,191,27,15,Yes,Bad,Yes
6.71,119,67,17,151,137,55,11,Yes,Medium,Yes
6.71,106,73,0,216,93,60,13,Yes,Medium,No
7.3,129,89,0,425,117,45,10,Yes,Medium,No
11.48,104,41,15,492,77,73,18,Yes,Good,Yes
8.01,128,39,12,356,118,71,10,Yes,Medium,Yes
12.49,93,106,12,416,55,75,15,Yes,Medium,Yes
9.03,104,102,13,123,110,35,16,Yes,Good,Yes
6.38,135,91,5,207,128,66,18,Yes,Medium,Yes
0.0,139,24,0,358,185,79,15,No,Medium,No
7.54,115,89,0,38,122,25,12,Yes,Medium,No
5.61,138,107,9,480,154,47,11,No,Medium,Yes
10.48,138,72,0,148,94,27,17,Yes,Medium,Yes
10.66,104,71,14,89,81,25,14,No,Medium,Yes
7.78,144,25,3,70,116,77,18,Yes,Medium,Yes
4.94,137,112,15,434,149,66,13,Yes,Bad,Yes
7.43,121,83,0,79,91,68,11,Yes,Medium,No
4.74,137,60,4,230,140,25,13,Yes,Bad,No
5.32,118,74,6,426,102,80,18,Yes,Medium,Yes
9.95,132,33,7,35,97,60,11,No,Medium,Yes
10.07,130,100,11,449,107,64,10,Yes,Medium,Yes
8.68,120,51,0,93,86,46,17,No,Medium,No
6.03,117,32,0,142,96,62,17,Yes,Bad,No
8.07,116,37,0,426,90,76,15,Yes,Medium,No
12.11,118,117,18,509,104,26,15,No,Medium,Yes
8.79,130,37,13,297,101,37,13,No,Medium,Yes
6.67,156,42,13,170,173,74,14,Yes,Good,Yes
7.56,108,26,0,408,93,56,14,No,Medium,No
13.28,139,70,7,71,96,61,10,Yes,Good,Yes
7.23,112,98,18,481,128,45,11,Yes,Medium,Yes
4.19,117,93,4,420,112,66,11,Yes,Bad,Yes
4.1,130,28,6,410,133,72,16,Yes,Bad,Yes
2.52,124,61,0,333,138,76,16,Yes,Medium,No
3.62,112,80,5,500,128,69,10,Yes,Medium,Yes
6.42,122,88,5,335,126,64,14,Yes,Medium,Yes
5.56,144,92,0,349,146,62,12,No,Medium,No
5.94,138,83,0,139,134,54,18,Yes,Medium,No
4.1,121,78,4,413,130,46,10,No,Bad,Yes
2.05,131,82,0,132,157,25,14,Yes,Bad,No
8.74,155,80,0,237,124,37,14,Yes,Medium,No
5.68,113,22,1,317,132,28,12,Yes,Medium,No
4.97,162,67,0,27,160,77,17,Yes,Medium,Yes
8.19,111,105,0,466,97,61,10,No,Bad,No
7.78,86,54,0,497,64,33,12,Yes,Bad,No
3.02,98,21,11,326,90,76,11,No,Bad,Yes
4.36,125,41,2,357,123,47,14,No,Bad,Yes
9.39,117,118,14,445,120,32,15,Yes,Medium,Yes
12.04,145,69,19,501,105,45,11,Yes,Medium,Yes
8.23,149,84,5,220,139,33,10,Yes,Medium,Yes
4.83,115,115,3,48,107,73,18,Yes,Medium,Yes
2.34,116,83,15,170,144,71,11,Yes,Bad,Yes
5.73,141,33,0,243,144,34,17,Yes,Medium,No
4.34,106,44,0,481,111,70,14,No,Medium,No
9.7,138,61,12,156,120,25,14,Yes,Medium,Yes
10.62,116,79,19,359,116,58,17,Yes,Good,Yes
10.59,131,120,15,262,124,30,10,Yes,Medium,Yes
6.43,124,44,0,125,107,80,11,Yes,Medium,No
7.49,136,119,6,178,145,35,13,Yes,Medium,Yes
3.45,110,45,9,276,125,62,14,Yes,Medium,Yes
4.1,134,82,0,464,141,48,13,No,Medium,No
6.68,107,25,0,412,82,36,14,Yes,Bad,No
7.8,119,33,0,245,122,56,14,Yes,Good,No
8.69,113,64,10,68,101,57,16,Yes,Medium,Yes
5.4,149,73,13,381,163,26,11,No,Bad,Yes
11.19,98,104,0,404,72,27,18,No,Medium,No
5.16,115,60,0,119,114,38,14,No,Bad,No
8.09,132,69,0,123,122,27,11,No,Medium,No
13.14,137,80,10,24,105,61,15,Yes,Good,Yes
8.65,123,76,18,218,120,29,14,No,Medium,Yes
9.43,115,62,11,289,129,56,16,No,Good,Yes
5.53,126,32,8,95,132,50,17,Yes,Medium,Yes
9.32,141,34,16,361,108,69,10,Yes,Medium,Yes
9.62,151,28,8,499,135,48,10,Yes,Medium,Yes
7.36,121,24,0,200,133,73,13,Yes,Good,No
3.89,123,105,0,149,118,62,16,Yes,Bad,Yes
10.31,159,80,0,362,121,26,18,Yes,Medium,No
12.01,136,63,0,160,94,38,12,Yes,Medium,No
4.68,124,46,0,199,135,52,14,No,Medium,No
7.82,124,25,13,87,110,57,10,Yes,Medium,Yes
8.78,130,30,0,391,100,26,18,Yes,Medium,No
10.0,114,43,0,199,88,57,10,No,Good,Yes
6.9,120,56,20,266,90,78,18,Yes,Bad,Yes
5.04,123,114,0,298,151,34,16,Yes,Bad,No
5.36,111,52,0,12,101,61,11,Yes,Medium,Yes
5.05,125,67,0,86,117,65,11,Yes,Bad,No
9.16,137,105,10,435,156,72,14,Yes,Good,Yes
3.72,139,111,5,310,132,62,13,Yes,Bad,Yes
8.31,133,97,0,70,117,32,16,Yes,Medium,No
5.64,124,24,5,288,122,57,12,No,Medium,Yes
9.58,108,104,23,353,129,37,17,Yes,Good,Yes
7.71,123,81,8,198,81,80,15,Yes,Bad,Yes
4.2,147,40,0,277,144,73,10,Yes,Medium,No
8.67,125,62,14,477,112,80,13,Yes,Medium,Yes
3.47,108,38,0,251,81,72,14,No,Bad,No
5.12,123,36,10,467,100,74,11,No,Bad,Yes
7.67,129,117,8,400,101,36,10,Yes,Bad,Yes
5.71,121,42,4,188,118,54,15,Yes,Medium,Yes
6.37,120,77,15,86,132,48,18,Yes,Medium,Yes
7.77,116,26,6,434,115,25,17,Yes,Medium,Yes
6.95,128,29,5,324,159,31,15,Yes,Good,Yes
5.31,130,35,10,402,129,39,17,Yes,Bad,Yes
9.1,128,93,12,343,112,73,17,No,Good,Yes
5.83,134,82,7,473,112,51,12,No,Bad,Yes
6.53,123,57,0,66,105,39,11,Yes,Medium,No
5.01,159,69,0,438,166,46,17,Yes,Medium,No
11.99,119,26,0,284,89,26,10,Yes,Good,No
4.55,111,56,0,504,110,62,16,Yes,Medium,No
12.98,113,33,0,14,63,38,12,Yes,Good,No
10.04,116,106,8,244,86,58,12,Yes,Medium,Yes
7.22,135,93,2,67,119,34,11,Yes,Medium,Yes
6.67,107,119,11,210,132,53,11,Yes,Medium,Yes
6.93,135,69,14,296,130,73,15,Yes,Medium,Yes
7.8,136,48,12,326,125,36,16,Yes,Medium,Yes
7.22,114,113,2,129,151,40,15,No,Good,Yes
3.42,141,57,13,376,158,64,18,Yes,Medium,Yes
2.86,121,86,10,496,145,51,10,Yes,Bad,Yes
11.19,122,69,7,303,105,45,16,No,Good,Yes
7.74,150,96,0,80,154,61,11,Yes,Good,No
5.36,135,110,0,112,117,80,16,No,Medium,No
6.97,106,46,11,414,96,79,17,No,Bad,No
7.6,146,26,11,261,131,39,10,Yes,Medium,Yes
7.53,117,118,11,429,113,67,18,No,Medium,Yes
6.88,95,44,4,208,72,44,17,Yes,Bad,Yes
6.98,116,40,0,74,97,76,15,No,Medium,No
8.75,143,77,25,448,156,43,17,Yes,Medium,Yes
9.49,107,111,14,400,103,41,11,No,Medium,Yes
6.64,118,70,0,106,89,39,17,Yes,Bad,No
11.82,113,66,16,322,74,76,15,Yes,Good,Yes
11.28,123,84,0,74,89,59,10,Yes,Good,No
12.66,148,76,3,126,99,60,11,Yes,Good,Yes
4.21,118,35,14,502,137,79,10,No,Medium,Yes
8.21,127,44,13,160,123,63,18,Yes,Good,Yes
3.07,118,83,13,276,104,75,10,Yes,Bad,Yes
10.98,148,63,0,312,130,63,15,Yes,Good,No
9.4,135,40,17,497,96,54,17,No,Medium,Yes
8.57,116,78,1,158,99,45,11,Yes,Medium,Yes
7.41,99,93,0,198,87,57,16,Yes,Medium,Yes
5.28,108,77,13,388,110,74,14,Yes,Bad,Yes
10.01,133,52,16,290,99,43,11,Yes,Medium,Yes
11.93,123,98,12,408,134,29,10,Yes,Good,Yes
8.03,115,29,26,394,132,33,13,Yes,Medium,Yes
4.78,131,32,1,85,133,48,12,Yes,Medium,Yes
5.9,138,92,0,13,120,61,12,Yes,Bad,No
9.24,126,80,19,436,126,52,10,Yes,Medium,Yes
11.18,131,111,13,33,80,68,18,Yes,Bad,Yes
9.53,175,65,29,419,166,53,12,Yes,Medium,Yes
6.15,146,68,12,328,132,51,14,Yes,Bad,Yes
6.8,137,117,5,337,135,38,10,Yes,Bad,Yes
9.33,103,81,3,491,54,66,13,Yes,Medium,No
7.72,133,33,10,333,129,71,14,Yes,Good,Yes
6.39,131,21,8,220,171,29,14,Yes,Good,Yes
15.63,122,36,5,369,72,35,10,Yes,Good,Yes
6.41,142,30,0,472,136,80,15,No,Good,No
10.08,116,72,10,456,130,41,14,No,Good,Yes
6.97,127,45,19,459,129,57,11,No,Medium,Yes
5.86,136,70,12,171,152,44,18,Yes,Medium,Yes
7.52,123,39,5,499,98,34,15,Yes,Medium,No
9.16,140,50,10,300,139,60,15,Yes,Good,Yes
10.36,107,105,18,428,103,34,12,Yes,Medium,Yes
2.66,136,65,4,133,150,53,13,Yes,Bad,Yes
11.7,144,69,11,131,104,47,11,Yes,Medium,Yes
4.69,133,30,0,152,122,53,17,Yes,Medium,No
6.23,112,38,17,316,104,80,16,Yes,Medium,Yes
3.15,117,66,1,65,111,55,11,Yes,Bad,Yes
11.27,100,54,9,433,89,45,12,Yes,Good,Yes
4.99,122,59,0,501,112,32,14,No,Bad,No
10.1,135,63,15,213,134,32,10,Yes,Medium,Yes
5.74,106,33,20,354,104,61,12,Yes,Medium,Yes
5.87,136,60,7,303,147,41,10,Yes,Medium,Yes
7.63,93,117,9,489,83,42,13,Yes,Bad,Yes
6.18,120,70,15,464,110,72,15,Yes,Medium,Yes
5.17,138,35,6,60,143,28,18,Yes,Bad,No
8.61,130,38,0,283,102,80,15,Yes,Medium,No
5.97,112,24,0,164,101,45,11,Yes,Medium,No
11.54,134,44,4,219,126,44,15,Yes,Good,Yes
7.5,140,29,0,105,91,43,16,Yes,Bad,No
7.38,98,120,0,268,93,72,10,No,Medium,No
7.81,137,102,13,422,118,71,10,No,Medium,Yes
5.99,117,42,10,371,121,26,14,Yes,Bad,Yes
8.43,138,80,0,108,126,70,13,No,Good,Yes
4.81,121,68,0,279,149,79,12,Yes,Good,No
8.97,132,107,0,144,125,33,13,No,Medium,No
6.88,96,39,0,161,112,27,14,No,Good,No
12.57,132,102,20,459,107,49,11,Yes,Good,Yes
9.32,134,27,18,467,96,49,14,No,Medium,Yes
8.64,111,101,17,266,91,63,17,No,Medium,Yes
10.44,124,115,16,458,105,62,16,No,Medium,Yes
13.44,133,103,14,288,122,61,17,Yes,Good,Yes
9.45,107,67,12,430,92,35,12,No,Medium,Yes
5.3,133,31,1,80,145,42,18,Yes,Medium,Yes
7.02,130,100,0,306,146,42,11,Yes,Good,No
3.58,142,109,0,111,164,72,12,Yes,Good,No
13.36,103,73,3,276,72,34,15,Yes,Medium,Yes
4.17,123,96,10,71,118,69,11,Yes,Bad,Yes
3.13,130,62,11,396,130,66,14,Yes,Bad,Yes
8.77,118,86,7,265,114,52,15,No,Good,Yes
8.68,131,25,10,183,104,56,15,No,Medium,Yes
5.25,131,55,0,26,110,79,12,Yes,Bad,Yes
10.26,111,75,1,377,108,25,12,Yes,Good,No
10.5,122,21,16,488,131,30,14,Yes,Good,Yes
6.53,154,30,0,122,162,57,17,No,Medium,No
5.98,124,56,11,447,134,53,12,No,Medium,Yes
14.37,95,106,0,256,53,52,17,Yes,Good,No
10.71,109,22,10,348,79,74,14,No,Good,Yes
10.26,135,100,22,463,122,36,14,Yes,Medium,Yes
7.68,126,41,22,403,119,42,12,Yes,Bad,Yes
9.08,152,81,0,191,126,54,16,Yes,Medium,No
7.8,121,50,0,508,98,65,11,No,Medium,No
5.58,137,71,0,402,116,78,17,Yes,Medium,No
9.44,131,47,7,90,118,47,12,Yes,Medium,Yes
7.9,132,46,4,206,124,73,11,Yes,Medium,No
16.27,141,60,19,319,92,44,11,Yes,Good,Yes
6.81,132,61,0,263,125,41,12,No,Medium,No
6.11,133,88,3,105,119,79,12,Yes,Medium,Yes
5.81,125,111,0,404,107,54,15,Yes,Bad,No
9.64,106,64,10,17,89,68,17,Yes,Medium,Yes
3.9,124,65,21,496,151,77,13,Yes,Bad,Yes
4.95,121,28,19,315,121,66,14,Yes,Medium,Yes
9.35,98,117,0,76,68,63,10,Yes,Medium,No
12.85,123,37,15,348,112,28,12,Yes,Good,Yes
5.87,131,73,13,455,132,62,17,Yes,Medium,Yes
5.32,152,116,0,170,160,39,16,Yes,Medium,No
8.67,142,73,14,238,115,73,14,No,Medium,Yes
8.14,135,89,11,245,78,79,16,Yes,Bad,Yes
8.44,128,42,8,328,107,35,12,Yes,Medium,Yes
5.47,108,75,9,61,111,67,12,Yes,Medium,Yes
6.1,153,63,0,49,124,56,16,Yes,Bad,No
4.53,129,42,13,315,130,34,13,Yes,Bad,Yes
5.57,109,51,10,26,120,30,17,No,Medium,Yes
5.35,130,58,19,366,139,33,16,Yes,Bad,Yes
12.57,138,108,17,203,128,33,14,Yes,Good,Yes
6.14,139,23,3,37,120,55,11,No,Medium,Yes
7.41,162,26,12,368,159,40,18,Yes,Medium,Yes
5.94,100,79,7,284,95,50,12,Yes,Bad,Yes
9.71,134,37,0,27,120,49,16,Yes,Good,Yes
3.442174124395173,114,38,1,212,132,71,15,No,Medium,No
7.374143996085209,120,82,0,80,90,65,11,Yes,Medium,No
5.647836344946981,121,73,0,285,134,78,12,Yes,Medium,No
7.768414392914653,132,102,0,99,111,51,13,Yes,Medium,No
6.1566730808338885,149,62,0,51,121,53,15,Yes,Bad,No
6.158528241502649,116,57,0,111,106,40,14,Yes,Bad,No
6.861524874357761,116,98,0,54,103,70,13,Yes,Medium,No
8.088497421505194,128,80,0,302,108,74,15,Yes,Good,No
4.731934308683563,115,57,0,502,110,49,15,Yes,Medium,No
2.1470119018981,119,97,0,17,125,72,16,Yes,Bad,No
7.0032022235271265,116,30,0,163,99,43,11,Yes,Medium,No
5.156195299993912,137,34,5,59,142,28,18,Yes,Medium,No
8.97723578787868,139,71,0,255,123,34,11,Yes,Medium,No
4.5808973688465855,109,32,0,484,111,40,12,No,Medium,No
5.79121851070851,136,63,0,42,110,43,16,Yes,Bad,No
8.340306709752813,124,103,0,303,113,48,13,No,Good,No
7.402880343983929,116,42,0,78,94,68,15,Yes,Medium,No
7.087939471763834,140,88,0,183,118,54,16,Yes,Medium,No
7.861193710309224,123,56,1,501,106,56,13,Yes,Medium,No
3.4875793969748323,122,29,2,55,130,36,18,Yes,Medium,No
6.276014693838729,139,73,2,408,120,74,16,Yes,Medium,No
6.596701186179618,132,109,0,106,125,75,10,Yes,Medium,No
4.108891726496381,117,101,0,30,117,72,16,Yes,Bad,No
4.541337148747809,120,87,0,149,108,75,15,Yes,Bad,No
5.449484273954721,142,43,4,56,137,36,17,Yes,Medium,No
5.245132260792264,132,77,0,472,134,47,13,Yes,Medium,No
9.668198077156369,115,68,0,377,70,29,18,Yes,Good,No
8.861409682864798,145,93,0,66,136,32,17,Yes,Medium,No
4.748471889906633,111,27,0,486,110,33,11,No,Medium,No
7.43678568131194,141,52,0,122,138,39,13,Yes,Medium,No
7.0855566068781926,132,61,0,265,120,41,12,No,Good,No
3.737497516632344,106,68,1,485,105,66,15,No,Medium,No
8.512617219652913,111,77,0,386,114,28,12,Yes,Medium,No
7.297052791986388,121,39,0,430,103,77,13,Yes,Medium,No
7.782022839053913,98,73,0,59,68,64,15,Yes,Medium,No
4.53587567480412,117,52,0,150,128,34,11,Yes,Bad,No
4.6055380135664405,137,109,0,111,136,76,14,Yes,Medium,No
5.711708064194196,136,93,0,128,127,64,17,Yes,Medium,No
8.871919319830933,131,112,0,180,120,62,13,Yes,Medium,No
6.784157447314099,121,72,0,226,128,73,12,Yes,Medium,No
7.151213019232591,150,59,0,402,121,64,16,Yes,Medium,No
6.2834340338711225,125,59,0,58,105,39,12,Yes,Medium,No
8.63385357751898,132,92,0,135,123,30,12,No,Bad,No
6.433733032199202,121,110,0,117,125,30,12,Yes,Medium,No
8.177440623221006,118,31,0,284,107,57,12,Yes,Medium,No
3.4861417749684147,116,28,0,202,131,59,14,Yes,Medium,No
2.1983663232760047,110,29,0,208,134,63,15,Yes,Medium,No
8.97664482793914,125,104,0,421,99,44,13,Yes,Medium,No
6.015133581932708,114,29,0,64,97,69,15,Yes,Medium,No
7.685463320421391,128,83,0,275,132,34,12,No,Good,No
9.431859551507516,145,55,0,318,130,50,15,Yes,Good,No
1.5833056580426843,135,27,0,344,161,77,15,Yes,Medium,No
2.4524337421393647,131,82,0,132,154,28,14,No,Bad,No
7.999884143265139,141,29,0,91,95,47,16,Yes,Medium,No
11.033878112893891,129,32,0,161,88,57,13,Yes,Medium,No
6.916995878534484,130,57,0,261,124,42,12,Yes,Medium,No
5.82759251364673,137,88,0,133,130,59,17,Yes,Medium,No
5.218554883788806,124,31,0,302,115,78,11,Yes,Medium,No
5.6288842874707266,130,65,0,36,107,38,17,Yes,Medium,No
6.977476163411079,131,62,0,263,122,42,12,Yes,Medium,No
6.154378096937847,139,87,0,346,140,57,12,Yes,Medium,No
6.029054545385651,117,32,0,142,96,62,16,Yes,Bad,No
4.177713118422156,132,84,0,465,140,48,12,Yes,Medium,No
9.492423858042327,95,110,0,69,62,61,11,Yes,Medium,No
3.684134820799839,117,53,0,346,104,70,17,Yes,Medium,No
8.949290251856507,153,80,0,208,125,47,15,Yes,Medium,No
5.811510421952715,114,24,0,162,103,45,11,No,Good,No
3.8058503799338963,127,61,0,329,136,74,15,Yes,Medium,No
3.383352805622926,131,86,0,134,150,26,13,Yes,Medium,No
10.913735627822405,103,77,0,52,60,55,13,Yes,Medium,No
4.151739208190101,115,89,0,478,123,56,13,No,Medium,No
5.808650611546557,128,65,0,39,107,38,16,Yes,Medium,No
3.038227925937396,112,104,0,18,120,70,17,Yes,Bad,No
5.229104635051829,111,48,0,153,123,31,12,Yes,Bad,No
8.200149960476686,127,73,2,497,111,48,16,No,Medium,No
5.976858484300811,126,95,0,90,118,33,17,Yes,Medium,No
7.256428278905137,128,87,0,425,116,44,10,Yes,Medium,No
8.387934636675649,97,117,0,266,87,69,11,No,Medium,No
8.500523536296543,138,35,0,94,129,41,13,Yes,Bad,No
7.999173238663603,115,27,0,401,95,45,15,Yes,Medium,No
8.469536334667376,121,83,0,77,90,65,10,Yes,Medium,No
9.481331896625754,117,62,0,372,76,29,16,Yes,Bad,No
5.331454225157453,123,37,0,476,122,74,14,No,Medium,No
8.450045253639432,149,83,8,433,134,63,14,Yes,Medium,No
6.055991729253432,140,67,0,402,117,74,16,Yes,Medium,No
11.155364244358651,98,103,0,403,71,27,18,Yes,Bad,No
8.332087591364203,151,95,0,74,152,55,12,Yes,Medium,No
6.097171889494953,120,23,0,59,98,62,16,No,Medium,No
8.25428776888219,125,35,0,283,104,74,14,Yes,Good,No
10.45427425523347,146,60,0,313,130,63,15,Yes,Medium,No
6.859577458866063,127,95,0,418,114,47,11,Yes,Medium,No
7.476984680799704,127,77,0,340,128,45,13,Yes,Medium,No
6.294092436470513,137,80,0,136,132,49,16,No,Bad,No
6.007288704089986,115,28,0,150,97,55,14,No,Good,No
6.720247135128125,120,49,0,69,101,54,12,Yes,Medium,No
7.739328978289433,113,34,0,422,88,66,14,Yes,Medium,No
7.730932613089563,127,67,2,491,120,45,15,No,Medium,No
8.476338290838006,153,84,0,356,130,39,15,Yes,Medium,No
5.737263451523062,124,62,0,76,111,52,11,Yes,Medium,No
7.040879220807978,107,25,0,410,86,44,14,Yes,Medium,No
8.12944894021421,119,56,0,96,86,44,17,Yes,Medium,No
7.041738728528109,148,88,0,353,138,50,13,Yes,Medium,No
8.411334203337931,152,78,3,401,136,68,17,Yes,Medium,No
9.887199997376312,105,109,0,71,71,60,11,Yes,Medium,No
7.848281628363791,123,89,0,504,93,57,17,No,Medium,No
7.685716973212116,126,59,0,338,101,65,12,Yes,Medium,No
8.339579059198687,125,90,0,41,129,26,13,Yes,Medium,No
5.998091761723513,145,77,0,30,121,58,13,Yes,Bad,No
7.7748292559466465,108,38,0,361,98,26,14,Yes,Medium,No
6.551889446559277,133,38,0,154,114,49,15,Yes,Medium,No
9.041350427449412,133,67,0,286,90,43,13,No,Good,No
3.478943019264043,109,33,0,229,131,63,16,Yes,Medium,No
9.33751165517674,123,78,0,77,97,60,10,Yes,Medium,No
7.59895069290798,111,43,3,498,87,33,14,Yes,Medium,No
13.808297184444731,137,43,0,169,86,47,11,Yes,Medium,No
8.629574667538531,122,77,0,275,100,63,17,Yes,Good,No
3.656480653235582,133,81,0,133,147,34,14,No,Bad,No
5.00250660423396,120,99,0,407,117,47,14,Yes,Bad,Yes
6.844587826382077,123,60,0,105,89,39,16,Yes,Bad,No
4.505001319211422,129,43,12,316,129,34,13,Yes,Bad,Yes
4.6325425550426305,144,67,6,355,141,33,12,Yes,Bad,Yes
4.484992157094846,120,88,0,149,108,75,15,Yes,Bad,No
4.642108028374515,136,61,9,350,132,35,14,Yes,Bad,Yes
5.0784118194357575,130,63,0,48,110,46,14,Yes,Bad,No
6.827195662792727,122,70,6,204,89,72,15,Yes,Bad,Yes
6.350260436598514,116,62,0,109,99,39,15,Yes,Bad,No
10.423982344778588,104,105,1,402,77,28,16,Yes,Bad,No
5.865001284054003,103,94,15,195,102,71,16,Yes,Bad,No
9.05544603277558,133,68,0,284,90,42,12,Yes,Bad,Yes
5.1779982472576584,113,56,0,127,116,36,13,No,Bad,No
4.400381647655297,123,93,0,161,108,65,16,Yes,Bad,No
4.579190239581326,112,36,7,467,95,60,11,No,Bad,No
4.358541806950997,136,59,8,397,128,63,14,Yes,Bad,Yes
5.710770135846173,124,109,0,404,108,53,14,Yes,Bad,Yes
3.6488939935996885,129,39,0,144,116,70,17,Yes,Bad,No
5.428195601218633,135,75,0,16,120,39,16,Yes,Bad,No
4.528442102999499,117,65,0,497,109,42,14,No,Bad,Yes
6.628400608404293,120,41,14,383,120,32,13,Yes,Bad,Yes
4.3217838427834065,125,100,0,146,120,59,16,Yes,Bad,No
2.378252029006563,116,83,14,169,143,70,11,Yes,Bad,No
8.268477100125335,137,37,0,93,128,42,12,Yes,Bad,No
6.909388857445925,123,49,0,105,113,40,13,Yes,Bad,No
5.037073593139391,131,86,0,133,141,27,13,No,Bad,No
5.215862767559091,129,35,12,324,128,33,12,Yes,Bad,Yes
5.157474182962446,111,48,0,152,123,31,11,No,Bad,No
7.813188147359087,104,98,14,226,101,58,16,Yes,Bad,Yes
6.4475791459285805,141,47,2,330,131,32,14,Yes,Bad,Yes
7.294260689740974,112,66,0,367,83,37,14,Yes,Bad,Yes
8.553259873577034,116,91,6,138,88,47,10,Yes,Bad,No
8.402803619668752,115,96,5,134,84,54,10,Yes,Bad,No
5.8750986875979425,137,75,0,143,132,47,15,Yes,Bad,No
11.320056512590364,106,98,3,395,76,27,15,Yes,Bad,No
6.672934225937667,125,46,0,108,100,41,14,Yes,Bad,No
5.87400555443156,120,30,5,406,109,37,15,Yes,Bad,No
7.899310653538114,124,98,16,469,121,32,12,Yes,Bad,No
8.900799357594437,142,118,11,309,121,40,11,Yes,Bad,Yes
3.8492402015133385,117,100,0,28,118,72,16,Yes,Bad,No
7.217713961161575,123,41,18,394,119,37,12,Yes,Bad,Yes
6.631501606248155,120,52,0,107,110,40,13,Yes,Bad,No
3.268752165369976,103,24,9,331,96,70,11,Yes,Bad,Yes
3.5478937659962915,107,76,2,487,102,65,15,No,Bad,No
4.490917398309956,121,90,0,156,108,68,15,Yes,Bad,Yes
6.160808667500495,117,52,15,262,88,76,17,Yes,Bad,Yes
7.603165184042785,87,53,0,495,65,34,11,No,Bad,No
3.838930132567053,123,73,5,408,130,51,11,Yes,Bad,Yes
1.2241288342776004,99,92,0,20,119,74,12,Yes,Bad,No
7.1553166035735485,121,98,17,474,127,33,12,No,Bad,Yes
4.4610478062445775,123,64,0,52,108,46,14,Yes,Bad,No
1.0380569630921126,94,91,0,21,117,74,11,Yes,Bad,No
5.574190261525034,130,66,0,33,108,37,17,Yes,Bad,No
5.064790889062304,122,45,5,481,105,56,12,No,Bad,No
6.515703875909889,146,43,2,405,127,63,16,Yes,Bad,Yes
8.697017891541341,153,99,10,290,121,37,14,Yes,Bad,Yes
6.38563307272674,137,38,3,332,129,29,14,Yes,Bad,Yes
4.389330158108525,118,68,0,342,97,72,17,Yes,Bad,Yes
3.939481874282263,114,84,0,413,128,42,13,Yes,Bad,Yes
5.563650616795106,134,93,0,13,120,62,12,Yes,Bad,No
5.947341133623828,141,84,0,21,120,59,12,Yes,Bad,No
4.567877242735884,139,112,6,307,129,59,12,Yes,Bad,Yes
8.075804196398746,139,86,9,276,127,41,15,Yes,Bad,Yes
5.132737908199528,123,97,1,407,116,50,13,Yes,Bad,Yes
2.2949539019611476,137,56,2,138,142,63,14,Yes,Bad,No
8.159838636764883,116,62,0,369,74,34,16,Yes,Bad,No
3.148914505815606,100,25,9,329,91,74,12,Yes,Bad,Yes
7.505189788004704,127,72,15,255,84,78,17,Yes,Bad,Yes
6.174121581384078,132,115,3,323,140,36,12,Yes,Bad,Yes
9.429329077788985,117,62,0,373,70,29,18,Yes,Bad,No
6.573399678933772,106,53,11,407,99,77,16,Yes,Bad,Yes
6.036867794182411,144,62,0,48,117,49,15,Yes,Bad,No
5.074573509702339,134,96,3,347,126,54,13,Yes,Bad,Yes
4.537888184765356,119,52,0,151,128,34,11,No,Bad,No
5.954165532185147,141,83,0,22,120,59,12,Yes,Bad,No
7.661626830485986,134,87,0,135,126,37,13,No,Bad,No
5.005295709528798,133,98,3,349,126,54,13,Yes,Bad,Yes
9.403788232482777,141,112,11,285,108,47,12,Yes,Bad,Yes
7.943698998826666,155,79,6,284,126,35,16,Yes,Bad,Yes
10.650447984838172,131,109,11,30,84,67,17,Yes,Bad,No
1.8935076814892269,138,45,0,145,132,76,16,Yes,Bad,No
5.5402570092065835,134,60,0,42,110,43,16,Yes,Bad,No
3.061350906579545,116,83,7,493,131,55,11,No,Bad,Yes
4.138733977711061,139,39,6,68,153,27,17,Yes,Bad,No
6.04276889352708,146,72,0,35,121,56,13,Yes,Bad,No
3.4459541114121994,122,29,2,55,130,36,18,Yes,Bad,No
2.1319232746690915,118,98,0,18,125,72,17,Yes,Bad,No
4.885052699772007,114,95,7,180,105,64,16,Yes,Bad,Yes
6.2253605129802025,136,79,0,136,132,48,15,Yes,Bad,No
4.508434544870745,123,97,1,174,107,57,16,Yes,Bad,No
3.3651487855351188,125,95,0,16,123,68,15,Yes,Bad,No
8.290686195101273,111,105,0,467,96,61,10,No,Bad,Yes
4.02584614694199,135,111,3,307,136,55,13,Yes,Bad,Yes
2.930366828483057,111,103,0,18,119,70,16,Yes,Bad,No
8.120654642553145,133,89,11,243,79,77,16,Yes,Bad,Yes
4.931594825295217,131,42,10,318,130,32,13,Yes,Bad,Yes
8.780877720857411,118,85,7,144,94,36,10,Yes,Bad,No
5.356285601668753,132,59,18,367,142,32,15,Yes,Bad,Yes
8.06539083245185,132,88,1,271,94,55,12,Yes,Bad,Yes
9.597243597458611,115,66,0,376,70,29,18,Yes,Bad,No
3.581116129138959,126,95,0,15,123,67,14,Yes,Bad,No
6.501276018663188,139,41,0,331,130,28,14,Yes,Bad,Yes
7.777225385021021,136,45,14,403,120,47,13,Yes,Bad,Yes
6.357255022744096,119,52,0,110,103,40,14,Yes,Bad,No
4.529501955321022,120,87,0,149,108,74,15,Yes,Bad,No
5.637666261475722,115,58,0,115,110,38,14,Yes,Bad,No
7.470076588632174,134,86,0,135,127,39,13,No,Bad,No
5.218558295466191,112,87,8,481,110,52,14,No,Bad,Yes
4.156827385448334,118,87,4,417,118,58,10,Yes,Bad,Yes
2.619276554238622,117,85,12,170,139,68,11,Yes,Bad,No
3.954804592183596,136,111,4,307,135,57,13,Yes,Bad,Yes
8.331689124012023,123,114,6,400,95,34,11,Yes,Bad,No
7.0414219171961445,117,68,4,134,107,32,12,Yes,Bad,No
5.917093144592482,138,35,4,67,139,30,16,Yes,Bad,No
3.7982417361262044,123,67,19,496,150,74,12,No,Bad,Yes
8.500388946271807,91,110,19,478,92,39,15,Yes,Bad,Yes
6.024081865707972,131,29,10,334,127,32,12,Yes,Bad,Yes
6.89754411741655,106,45,10,416,96,78,16,No,Bad,No
5.837685463730522,117,41,9,369,121,27,14,Yes,Bad,Yes
7.147958684807011,107,87,12,224,103,57,16,Yes,Bad,Yes
6.066049764466409,150,67,0,42,123,56,15,Yes,Bad,No
6.1483502663514,118,31,0,138,95,60,16,Yes,Bad,No
5.338052067167218,128,33,7,343,125,38,12,Yes,Bad,Yes
3.6906224350623957,107,69,3,483,100,62,14,No,Bad,Yes
7.62048635381153,114,98,13,350,81,69,11,Yes,Bad,Yes
3.0391530072438795,103,72,0,358,97,55,11,Yes,Bad,Yes
3.9594966255787925,126,65,0,60,114,55,12,Yes,Bad,No
4.4265136514162675,109,36,6,468,94,55,11,No,Bad,No
7.243280192215163,128,115,6,400,102,40,11,Yes,Bad,Yes
4.350171843486409,115,90,5,415,111,67,11,Yes,Bad,Yes
4.528507282680774,120,87,0,150,108,73,15,Yes,Bad,No
2.5391304681231883,112,28,0,50,119,42,17,Yes,Bad,No
10.358191229415658,126,98,9,386,91,30,10,Yes,Bad,No
4.488287574325017,128,41,10,325,128,37,13,Yes,Bad,Yes
4.096064338673248,124,102,0,159,113,59,16,Yes,Bad,No
6.029581512281302,117,32,0,142,96,62,16,Yes,Bad,No
4.590090563182491,125,39,3,353,123,45,13,Yes,Bad,Yes
2.7739445585496725,113,102,0,18,121,70,17,Yes,Bad,No
7.393665669830207,110,34,0,401,78,34,15,Yes,Bad,No
10.452540790279672,101,104,0,403,75,30,17,Yes,Bad,No
5.297068172358018,132,55,0,27,110,77,12,Yes,Bad,No
1.0606608729613582,143,60,6,109,178,34,14,Yes,Bad,No
5.956209906188976,143,119,9,282,138,40,10,Yes,Bad,Yes
5.720174354661593,108,88,8,355,87,62,11,Yes,Bad,Yes
7.4551297482388525,119,42,18,406,111,53,13,Yes,Bad,Yes
7.172655470132,117,78,1,114,87,43,15,Yes,Bad,No
6.089549709731113,137,63,5,243,134,29,14,Yes,Bad,Yes
5.534518331441805,139,58,12,323,131,44,13,Yes,Bad,Yes
9.216130095141795,141,118,13,294,119,40,12,Yes,Bad,Yes
3.738323806181165,119,39,5,353,119,53,14,Yes,Bad,Yes
4.263153979363399,128,29,6,410,130,72,16,Yes,Bad,Yes
4.509299460883294,111,43,6,255,83,73,15,Yes,Bad,Yes
8.116053664606858,133,89,0,135,124,34,12,No,Bad,No
8.066544495410088,128,91,11,240,83,74,16,Yes,Bad,Yes
10.13031288141517,120,110,9,491,78,73,14,No,Bad,Yes
4.551234336550136,128,101,9,425,142,55,13,Yes,Bad,Yes
6.542906967605781,122,66,5,207,91,70,15,Yes,Bad,Yes
5.815393982448342,120,46,12,369,125,27,14,Yes,Bad,Yes
6.656016798213136,124,46,0,108,100,41,14,Yes,Bad,No
5.974146249648912,112,53,1,152,118,30,11,No,Bad,No
4.657225940923919,138,61,2,201,137,33,12,Yes,Bad,Yes
3.7788882376554307,138,111,4,309,132,60,13,Yes,Bad,Yes
8.83568974454734,133,73,0,281,91,45,12,Yes,Bad,Yes
3.423056567338154,108,79,2,488,106,63,15,No,Bad,Yes
6.772530861655225,138,35,3,76,136,34,15,Yes,Bad,No
7.4897257112411,112,65,0,368,82,36,14,Yes,Bad,Yes
2.3076988012128608,133,74,1,132,154,36,13,No,Bad,No
8.228950363108698,115,96,4,134,84,55,11,Yes,Bad,No
6.176203630242567,132,115,3,323,140,36,12,Yes,Bad,Yes
2.6302955539653876,136,64,3,133,149,53,13,No,Bad,No
6.856411223650243,115,60,3,151,113,28,11,No,Bad,No
5.102357606063151,134,86,4,50,119,63,12,Yes,Bad,No
7.904491413982887,112,41,0,393,76,33,15,Yes,Bad,No
7.141553342920486,123,41,18,392,119,36,12,Yes,Bad,Yes
3.2187857166479024,111,46,4,346,100,72,17,Yes,Bad,Yes
3.2427158794349706,122,85,9,493,140,51,10,Yes,Bad,Yes
1.6144962152053706,108,95,0,19,122,73,14,Yes,Bad,No
4.463594277204051,120,90,0,151,107,74,16,Yes,Bad,No
7.774445130567339,109,98,12,233,101,58,16,Yes,Bad,Yes
7.336262558643089,126,39,20,403,120,44,12,Yes,Bad,Yes
4.900833639038824,133,70,0,139,134,43,13,Yes,Bad,No
7.9892192308568974,120,93,12,236,88,69,16,Yes,Bad,Yes
3.521781398819523,118,79,13,274,102,75,10,Yes,Bad,Yes
6.4170369220048515,111,66,0,366,82,41,14,Yes,Bad,No
8.337609080190889,87,95,16,484,84,35,14,Yes,Bad,Yes
1.7592168328046949,100,96,0,20,118,73,13,Yes,Bad,No
4.3454480835004485,117,94,3,418,111,64,11,Yes,Bad,Yes
6.260050040382454,103,44,3,211,82,47,16,Yes,Bad,Yes
1.661297188553484,119,94,2,22,135,58,16,Yes,Bad,No
7.816489297275043,115,88,3,124,85,49,12,Yes,Bad,No
4.002537485137068,140,40,6,69,154,27,17,Yes,Bad,No
6.354943183705669,106,57,11,404,101,77,15,Yes,Bad,Yes
6.076730462307596,117,51,15,262,87,76,17,Yes,Bad,Yes
7.431604294031612,134,29,0,211,146,60,14,Yes,Good,Yes
6.197851250983939,115,28,0,150,96,54,13,No,Good,No
12.42492693061706,122,79,22,385,127,35,15,Yes,Good,Yes
7.1992463554555215,129,28,3,193,142,73,13,Yes,Good,Yes
8.650301555968756,139,51,6,452,129,74,12,Yes,Good,Yes
9.998366841934963,128,53,0,285,89,37,12,Yes,Good,No
12.780407448690044,135,73,5,71,94,60,10,Yes,Good,Yes
9.392011022206527,109,36,0,165,102,35,13,No,Good,No
9.561963557367774,146,43,10,407,131,72,15,No,Good,Yes
12.828113504913564,125,85,10,41,104,43,12,Yes,Good,Yes
11.40440890039627,118,67,10,309,94,55,15,No,Good,Yes
8.128385821155792,134,40,7,311,148,46,15,Yes,Good,Yes
8.735615293594433,125,53,11,163,120,61,16,No,Good,No
9.187540187519343,100,82,11,248,104,65,13,Yes,Good,Yes
8.728846573836291,122,76,0,273,100,61,17,No,Good,No
8.845811495434903,127,71,0,280,94,52,14,No,Good,No
9.497610575140461,105,83,12,234,116,73,11,Yes,Good,Yes
10.445911568867036,114,84,0,266,86,57,17,Yes,Good,Yes
6.796067316152225,127,24,5,227,156,36,14,Yes,Good,No
6.562630576990214,146,33,11,189,172,56,14,Yes,Good,Yes
11.557606711340444,110,71,12,407,94,67,17,Yes,Good,No
8.853867988709531,114,85,7,261,112,54,14,Yes,Good,Yes
7.357306267285465,141,33,1,221,154,52,15,Yes,Good,Yes
9.467389911156873,92,81,14,236,102,73,11,Yes,Good,Yes
10.848684472120265,105,60,9,441,103,43,12,No,Good,Yes
9.284412452217111,121,78,10,350,121,52,15,Yes,Good,Yes
7.602672989273782,118,32,0,283,109,63,13,Yes,Good,No
8.782104911548492,114,38,12,316,128,50,15,Yes,Good,Yes
8.938583069691962,125,73,0,275,96,54,16,No,Good,No
10.71458402605847,124,68,5,299,101,44,15,No,Good,No
10.43594802444376,109,24,10,343,85,70,14,Yes,Good,Yes
12.308123936391866,121,77,23,379,125,38,16,Yes,Good,Yes
9.411238267990601,115,61,10,288,128,56,15,Yes,Good,No
7.150462514242301,129,30,6,326,151,41,14,Yes,Good,Yes
12.920194910678227,127,80,8,61,100,44,10,Yes,Good,Yes
11.046036914064635,104,55,12,421,95,58,14,No,Good,Yes
8.84807852540724,124,103,1,301,113,49,13,Yes,Good,Yes
8.067558239636641,124,84,2,271,125,40,13,No,Good,Yes
11.54216452091434,116,66,11,429,103,55,11,No,Good,Yes
9.151811851784064,93,79,12,237,103,73,12,Yes,Good,Yes
8.668838415125876,123,76,0,276,99,61,16,No,Good,No
12.392532655189006,141,90,0,188,112,39,10,Yes,Good,Yes
7.3414028954057455,130,31,7,328,143,51,14,Yes,Good,Yes
11.954235019804846,146,76,2,122,103,61,11,Yes,Good,Yes
11.123323161179583,131,67,5,270,125,49,14,No,Good,Yes
11.347475901522506,131,67,6,270,125,51,15,No,Good,Yes
12.066178346969455,104,97,2,259,78,52,16,Yes,Good,Yes
10.209702130210731,134,41,0,33,116,50,15,Yes,Good,Yes
12.539402741483777,146,76,3,125,99,59,11,Yes,Good,Yes
9.39960137827192,115,62,10,288,129,55,15,No,Good,Yes
10.38792898789247,126,68,4,296,99,44,14,No,Good,No
9.928961291351907,105,108,12,133,113,42,16,No,Good,Yes
8.232494016645559,125,102,0,124,152,29,15,Yes,Good,Yes
10.387796204545648,141,69,8,256,126,47,10,No,Good,Yes
12.236790484051625,146,73,12,251,130,51,10,No,Good,Yes
10.380027971176933,114,84,19,357,118,53,17,No,Good,Yes
11.462979024081458,124,35,12,342,123,28,12,Yes,Good,Yes
12.3793645684822,123,75,23,383,126,36,16,No,Good,Yes
9.802500969086571,137,46,11,407,124,73,16,No,Good,Yes
7.233099782466466,114,30,0,174,97,49,10,No,Good,No
6.848657872088117,123,99,2,302,135,51,11,Yes,Good,Yes
9.761345457926524,116,37,9,485,97,75,16,Yes,Good,Yes
8.371552050647743,118,30,0,284,106,56,12,Yes,Good,No
7.833365887631435,124,41,10,158,118,61,17,No,Good,No
9.571083912605758,117,109,5,135,137,39,16,Yes,Good,Yes
10.79622741378209,109,115,9,145,122,49,17,Yes,Good,Yes
10.890149688646956,116,28,10,28,87,52,17,Yes,Good,Yes
11.505079959757948,117,102,4,466,105,37,11,Yes,Good,Yes
11.256414528512739,118,88,7,395,123,27,10,Yes,Good,Yes
11.841179192403015,102,66,7,427,84,45,13,Yes,Good,No
9.900155156602878,125,33,10,336,135,29,13,Yes,Good,Yes
7.774755339162706,149,95,0,81,152,61,11,Yes,Good,Yes
10.920450962640745,107,56,14,414,98,65,15,No,Good,Yes
7.659921434911782,127,77,0,341,127,44,12,Yes,Good,Yes
10.466732147843846,131,65,5,270,124,50,14,No,Good,No
8.102992649329437,115,31,12,236,128,63,12,Yes,Good,Yes
7.604044846736472,128,80,0,273,130,34,12,No,Good,No
9.887298413989019,135,69,3,260,124,38,10,No,Good,Yes
8.257775373778738,138,81,0,108,127,70,12,No,Good,Yes
13.06867878961351,126,59,5,19,86,50,13,Yes,Good,Yes
7.189473130927433,136,38,2,468,134,71,14,Yes,Good,Yes
8.208856388755189,126,79,0,295,106,71,15,Yes,Good,No
13.05125142788016,119,85,1,443,89,33,12,Yes,Good,Yes
6.843883813390936,119,32,5,161,111,52,14,No,Good,No
8.290580189304288,104,40,0,178,101,40,12,No,Good,No
13.36321301478649,148,69,20,366,133,59,13,Yes,Good,Yes
14.647167031259318,134,62,15,313,96,44,12,No,Good,No
8.197836953786862,123,102,0,302,114,49,12,Yes,Good,Yes
13.065594586894695,147,69,18,364,133,59,13,No,Good,Yes
12.936851261920506,128,80,8,62,100,45,10,Yes,Good,Yes
9.051921459904536,130,70,0,264,121,36,11,No,Good,No
8.90213543507896,117,86,6,264,112,52,15,Yes,Good,Yes
8.718256357226007,99,77,9,237,110,72,12,Yes,Good,Yes
11.161843605554274,116,103,5,469,108,39,11,Yes,Good,Yes
9.686717579897286,118,80,0,267,93,58,17,Yes,Good,Yes
7.912431831976871,121,101,1,301,116,51,12,Yes,Good,No
7.409609767673136,122,89,2,300,116,68,13,Yes,Good,No
11.440005066801994,142,58,12,390,123,47,15,No,Good,Yes
8.811005717872973,123,78,7,348,123,50,14,No,Good,Yes
10.0335134667234,114,37,10,486,93,74,17,Yes,Good,Yes
8.06978990139502,109,107,7,126,131,37,15,Yes,Good,Yes
8.61474539326748,137,65,0,328,129,47,14,Yes,Good,Yes
6.83948563838287,117,28,0,152,95,54,13,No,Good,No
8.305265152881644,123,102,1,124,148,29,15,Yes,Good,Yes
9.70894272249688,133,107,0,182,118,57,13,Yes,Good,Yes
7.659845516969373,118,32,0,283,109,64,13,Yes,Good,No
6.090698107412868,113,29,0,151,98,52,14,No,Good,No
11.789976607280913,112,75,7,499,87,58,14,Yes,Good,Yes
9.984694749048822,137,55,9,290,134,58,15,Yes,Good,Yes
10.662576178301876,128,76,7,252,130,62,13,Yes,Good,Yes
9.089982285803197,131,68,0,264,122,34,11,No,Good,Yes
10.48026473985057,120,43,1,205,99,52,11,No,Good,No
7.340787840782982,130,70,0,269,125,38,12,No,Good,No
9.411881565861927,126,89,12,340,107,73,16,No,Good,Yes
10.342749166961317,129,40,2,227,124,47,14,No,Good,Yes
11.751621101216045,107,92,0,264,74,57,17,Yes,Good,Yes
7.341690703122117,129,91,0,291,139,38,11,Yes,Good,Yes
8.345605318495252,143,36,0,219,150,49,15,Yes,Good,No
13.365034127388707,136,34,2,172,91,56,12,No,Good,No
8.644312483270754,116,37,12,318,128,52,15,Yes,Good,Yes
8.199079845635385,118,35,10,319,137,44,15,Yes,Good,Yes
10.837885857900906,147,63,0,313,129,62,14,Yes,Good,Yes
10.161440473548286,127,50,13,407,116,74,16,No,Good,Yes
8.457202070618399,120,85,4,267,119,46,14,No,Good,Yes
7.830462496115748,117,74,1,236,129,70,12,Yes,Good,Yes
12.790603741700247,123,84,9,58,101,39,10,Yes,Good,Yes
11.31747112537063,143,91,3,52,133,31,14,Yes,Good,Yes
12.27733999082561,117,33,0,16,75,40,12,Yes,Good,Yes
12.242938230878446,132,102,11,291,126,57,15,Yes,Good,No
11.7304955338298,135,52,3,213,123,43,14,Yes,Good,Yes
9.913341191917453,123,73,9,171,116,58,12,No,Good,No
10.525212541836062,129,93,11,222,133,59,11,Yes,Good,Yes
11.417746560988382,121,90,11,421,132,32,11,No,Good,Yes
8.926741203039,140,77,0,99,127,68,13,Yes,Good,Yes
10.513610733021657,114,77,13,364,113,48,15,Yes,Good,Yes
7.649682055997237,117,53,0,240,125,63,13,Yes,Good,Yes
7.146258802064886,111,31,12,236,132,63,11,Yes,Good,Yes
8.86186066551801,122,37,3,278,99,72,13,Yes,Good,No
12.557222192088133,132,99,11,290,119,63,16,Yes,Good,No
15.635848067950363,138,61,17,317,93,44,11,Yes,Good,Yes
11.97029083869314,120,77,22,375,123,42,16,No,Good,Yes
8.736972642518912,118,85,6,265,114,51,14,No,Good,No
9.004630045265777,121,38,4,277,98,71,12,Yes,Good,No
10.63519040107303,121,27,14,489,127,31,13,Yes,Good,Yes
6.9438923275530495,126,99,1,304,141,46,11,Yes,Good,Yes
11.448178480472453,116,43,14,254,89,64,12,Yes,Good,Yes
7.524504603639002,129,77,0,272,128,35,12,No,Good,No
8.720529252884194,118,85,6,265,114,51,14,No,Good,No
11.027773219953028,110,110,10,153,117,53,16,No,Good,Yes
8.788991363627492,110,102,9,123,122,33,15,No,Good,Yes
9.967166554648252,124,93,5,177,115,58,11,Yes,Good,Yes
3.8094593743965315,140,109,0,112,163,69,12,No,Good,Yes
7.6755817879756405,117,50,0,241,124,62,13,Yes,Good,Yes
6.2493419924181275,107,32,11,235,136,63,10,Yes,Good,No
12.33674933269737,145,79,13,242,130,48,10,Yes,Good,Yes
7.487962826465256,145,33,0,219,156,51,15,Yes,Good,Yes
6.916223174447145,125,99,1,303,139,47,11,Yes,Good,No
9.382481374801976,144,54,1,314,131,51,15,Yes,Good,Yes
10.443737586048554,138,73,9,353,130,52,13,No,Good,Yes
7.370781961850668,119,100,2,300,119,56,12,Yes,Good,Yes
11.21281492017074,129,43,3,214,117,46,13,No,Good,No
8.895927852778055,123,78,4,264,117,44,13,No,Good,Yes
7.751951371941377,118,32,0,253,119,57,13,No,Good,Yes
9.982262799151815,111,105,7,499,114,50,11,Yes,Good,Yes
15.293257882141368,122,36,6,366,76,34,10,Yes,Good,Yes
5.6921641153385405,146,102,0,95,158,66,11,Yes,Good,Yes
11.707818917099166,134,39,6,224,121,49,15,Yes,Good,Yes
13.725017441712032,117,101,0,428,78,37,14,Yes,Good,Yes
6.471606517994399,138,27,9,205,171,42,14,Yes,Good,Yes
11.796987833596653,112,89,0,392,68,37,17,Yes,Good,No
9.70359186012938,116,63,10,291,125,54,16,No,Good,No
9.802042312379651,93,74,15,241,95,72,11,Yes,Good,Yes
11.426273331254382,116,43,15,255,88,64,11,Yes,Good,Yes
13.524773490580088,125,94,0,447,89,30,11,Yes,Good,Yes
12.486008964183673,129,100,17,465,105,49,11,Yes,Good,Yes
12.691242139091514,116,77,7,45,94,32,11,Yes,Good,Yes
9.13844648159186,139,49,10,300,138,60,14,Yes,Good,Yes
11.302612189518108,124,76,19,360,120,58,16,No,Good,Yes
12.268931859556188,146,73,12,251,130,51,10,No,Good,Yes
11.215910154721046,108,35,15,490,91,61,16,Yes,Good,Yes
9.413266571521481,118,108,4,134,139,38,16,Yes,Good,Yes
11.07481743685877,132,38,7,166,105,59,15,No,Good,No
13.145396092570001,121,64,16,321,79,66,13,No,Good,Yes
6.972539279389371,130,33,4,226,148,56,13,Yes,Good,Yes
11.41450404226631,130,29,12,238,112,62,17,Yes,Good,Yes
8.314824359866309,124,102,0,303,113,47,12,Yes,Good,Yes
10.911431309826165,108,53,12,477,98,60,16,Yes,Good,Yes
8.112665202222978,126,69,0,267,108,51,15,No,Good,No
11.297211006296196,143,91,3,52,133,31,14,Yes,Good,Yes
13.149101122186067,140,71,6,82,96,60,10,Yes,Good,Yes
12.102744828075876,129,78,2,72,91,59,10,Yes,Good,Yes
7.841506725451716,122,106,0,126,153,32,15,Yes,Good,Yes
12.832185403183047,114,55,3,29,79,35,11,Yes,Good,Yes
10.12133561162384,113,43,11,267,91,64,10,Yes,Good,No
11.059560445066777,148,92,2,51,138,31,15,Yes,Good,Yes
6.120566794903867,114,25,0,164,101,45,10,No,Good,No
12.371560713853013,127,99,14,473,102,49,11,Yes,Good,Yes
8.474610838425889,123,101,0,303,112,47,13,No,Good,No
13.36535512319646,132,102,13,288,121,61,16,Yes,Good,No
10.00909245921331,143,56,5,305,134,61,15,Yes,Good,No
10.44245261650433,111,66,9,448,117,42,13,Yes,Good,Yes
12.416718996772255,117,82,10,51,101,33,11,Yes,Good,Yes
8.026257894791648,118,75,2,235,130,70,12,Yes,Good,Yes
10.886120077071613,105,59,9,440,102,43,12,Yes,Good,Yes
9.543469707659645,115,37,13,322,124,45,15,Yes,Good,Yes
10.100885427333274,146,58,0,315,130,55,15,Yes,Good,Yes
12.326657095038236,143,74,18,360,128,63,13,Yes,Good,Yes
11.878209079005305,114,84,5,501,91,53,13,Yes,Good,Yes
8.47194372024477,139,49,5,454,129,75,13,Yes,Good,Yes
15.154975919648907,120,34,5,366,72,38,10,Yes,Good,Yes
6.674459357954797,147,99,0,87,156,63,11,Yes,Good,Yes
4.797101541558552,110,73,0,489,101,63,15,No,Bad,No
7.474618243822615,118,57,10,445,124,49,12,No,Good,Yes
9.552146671525001,146,42,10,407,131,72,15,No,Good,Yes
6.948082300556223,135,83,0,135,129,43,14,No,Bad,No
9.892499542724902,118,51,0,209,95,55,13,No,Good,No
2.557705576049815,125,23,2,65,139,54,15,No,Medium,Yes
4.450387907368901,109,35,5,470,96,52,11,No,Medium,No
8.394547236078239,122,76,2,266,110,51,14,No,Good,Yes
8.431669799651353,123,101,0,303,112,47,13,No,Good,No
7.106599018061514,120,33,0,72,93,55,16,No,Medium,No
4.5738954031329815,117,64,0,497,109,41,14,No,Medium,No
6.17111961523122,152,33,0,123,160,56,16,No,Medium,Yes
7.748511437918507,99,65,11,182,104,31,15,No,Good,No
1.0411386424929068,104,33,0,217,137,68,17,No,Medium,No
7.7400265293969355,123,52,8,160,121,54,14,No,Good,No
10.789893684880102,104,56,12,422,94,54,13,No,Good,Yes
8.264306791160067,124,46,10,160,118,61,16,No,Good,No
8.971613924960351,128,76,6,28,88,43,16,No,Medium,Yes
9.41398976597826,109,53,14,410,100,76,16,No,Good,Yes
9.535271256782421,125,78,11,35,92,54,17,No,Medium,Yes
8.190969087885122,138,80,0,108,127,69,12,No,Medium,No
8.232272926208475,111,105,0,466,96,61,10,No,Bad,Yes
10.11298742437174,104,52,11,419,95,62,14,No,Good,Yes
8.789476775294089,122,76,0,271,100,60,17,No,Good,No
7.59774242029091,136,51,13,155,135,59,16,No,Bad,No
8.191848630720957,111,105,0,466,96,61,10,No,Bad,Yes
9.572010707965662,120,104,6,494,81,69,14,No,Bad,Yes
5.330909874947885,120,31,0,481,114,70,12,No,Medium,No
10.402843939989026,125,68,4,296,99,44,14,No,Good,No
9.496895252117074,123,90,14,347,113,66,17,No,Good,Yes
6.573631198125228,114,59,2,146,113,29,11,No,Bad,No
6.641109896440632,116,27,0,153,96,52,12,No,Good,No
8.320420305676391,121,84,3,268,121,44,13,No,Good,Yes
8.816354345083978,119,83,5,264,115,49,14,No,Good,Yes
6.000034758111843,131,86,0,133,135,29,12,No,Bad,No
5.972180807889485,140,89,0,347,142,58,12,No,Good,Yes
12.453387952076532,121,77,23,381,126,36,16,No,Good,Yes
7.880681155279486,127,66,2,492,119,45,15,No,Bad,No
8.842019226361836,132,101,0,140,124,31,12,No,Bad,No
7.773722751209271,126,81,0,272,128,36,12,No,Good,No
7.996511409279494,116,117,10,427,109,65,17,No,Medium,Yes
4.747667868906431,117,52,0,151,126,33,11,No,Bad,No
9.587080040742192,124,85,2,301,106,46,13,No,Good,No
9.430310212523771,124,88,2,301,107,46,13,No,Good,No
11.421085455342398,123,76,19,362,120,55,16,No,Good,Yes
9.87736677620853,120,112,11,460,102,61,14,No,Bad,Yes
4.965114934727252,112,25,0,488,107,44,11,No,Medium,No
11.190186896936583,121,89,10,420,131,32,10,No,Good,Yes
7.280882057941517,122,65,12,218,115,38,14,No,Good,Yes
9.44515570341332,123,65,9,167,117,59,13,No,Good,No
8.863020721159133,121,80,4,264,116,46,13,No,Good,Yes
10.602608106547102,111,66,11,429,98,46,11,No,Good,Yes
8.972784639628562,121,74,0,268,99,59,17,No,Good,No
8.902497192351763,122,75,0,271,98,58,17,No,Good,No
4.987918870920326,142,41,6,360,165,71,14,No,Good,Yes
11.626546563136467,135,68,7,264,126,51,13,No,Good,Yes
7.491813485300653,107,27,1,408,93,58,14,No,Good,Yes
7.3374280832130525,115,111,1,128,151,38,15,No,Bad,No
4.633260751123472,133,109,0,116,160,61,12,No,Good,Yes
4.567231403028273,120,28,0,200,128,58,13,No,Medium,No
7.451968544076562,126,43,0,212,129,49,14,No,Medium,No
8.838615465573922,130,69,0,264,120,36,11,No,Good,No
10.09714980563426,120,63,8,281,127,53,15,No,Good,Yes
4.662758956076765,129,90,0,129,154,28,14,No,Bad,No
7.540014484639244,107,26,0,403,94,53,13,No,Good,Yes
7.1159985212352215,99,91,15,383,120,36,17,No,Good,Yes
10.004654135745158,126,56,7,298,101,41,14,No,Good,No
3.8451915024431074,121,69,16,493,146,71,12,No,Medium,No
9.296864430507853,130,66,3,269,124,45,13,No,Good,Yes
10.983775070297254,119,84,10,432,131,34,11,No,Good,Yes
6.510652338942439,116,26,0,155,97,51,12,No,Good,No
8.731062043237646,122,74,0,269,101,58,17,No,Good,No
9.466323888236383,132,69,1,262,122,36,10,No,Good,No
8.924190705092014,124,73,0,273,97,55,16,No,Good,No
10.880343181237848,122,72,6,303,105,45,15,No,Good,No
7.220172398296072,120,36,6,155,110,57,15,No,Good,No
8.498392117159764,132,91,0,135,123,31,12,No,Bad,No
5.168872453231866,112,52,0,138,119,33,12,No,Bad,No
9.746961850368892,118,63,8,284,128,53,14,No,Good,Yes
8.5845342926709,96,98,7,393,98,31,18,No,Medium,Yes
6.713946641532984,103,21,10,336,84,75,12,No,Good,Yes
5.592977437903303,122,22,1,50,105,61,14,No,Medium,No
11.057393687930784,128,42,2,213,117,46,13,No,Good,No
10.020775903876395,121,60,6,252,90,48,13,No,Good,No
2.710686327852065,135,63,2,134,147,51,12,No,Bad,No
8.04827015672588,106,69,13,193,108,31,15,No,Good,Yes
10.242187440173685,139,69,6,257,125,44,10,No,Good,No
9.094963522783152,144,63,12,386,138,38,13,No,Good,Yes
9.284628471351674,123,107,3,140,121,35,13,No,Good,Yes
8.914892920239478,106,86,17,379,121,38,17,No,Good,Yes
7.658485466839335,133,80,0,131,125,35,12,No,Bad,No
12.219047113978865,102,106,0,405,70,34,17,No,Medium,Yes
6.079031728796512,124,54,11,448,133,53,11,No,Good,Yes
6.159957328764997,113,29,0,151,98,52,14,No,Good,No
8.481831490482739,148,94,4,396,144,74,17,No,Good,Yes
11.693196071110767,131,67,6,271,125,53,15,No,Good,Yes
6.821759058850486,115,60,2,150,113,28,11,No,Bad,No
6.50445434263175,148,47,13,144,151,57,17,No,Medium,No
9.97411827086534,116,82,15,354,119,52,16,No,Good,Yes
7.785670140207898,119,92,15,470,127,34,12,No,Bad,Yes
4.1669074106510084,109,40,5,36,120,35,17,No,Medium,Yes
4.845135145454378,120,46,2,219,107,56,15,No,Medium,No
4.932683650764971,118,41,3,481,106,51,12,No,Bad,No
12.387358549451445,118,89,9,52,104,31,11,No,Medium,Yes
10.54809183405768,109,22,9,348,80,73,14,No,Bad,Yes
3.73224955619153,106,68,1,484,104,65,14,No,Bad,Yes
10.321966719978366,122,80,8,174,114,57,10,No,Good,No
8.659259742988118,118,85,5,265,115,49,14,No,Good,Yes
4.941473276084373,121,59,0,500,111,33,14,No,Medium,No
8.468838198252255,120,84,4,266,118,45,13,No,Good,Yes
9.492993117787112,104,51,11,419,95,65,14,No,Good,Yes
8.686469892084501,107,72,10,181,107,40,14,No,Good,No
7.90175312382419,123,42,9,158,117,60,16,No,Good,No
10.432516321589132,125,67,4,296,99,43,14,No,Good,Yes
6.3577435246798295,132,110,0,110,124,76,10,No,Good,Yes
3.555115180658699,120,72,15,495,143,67,11,No,Medium,No
5.815065053950849,115,23,0,54,97,64,15,No,Medium,No
8.881749539586304,121,104,4,133,123,33,13,No,Good,No
8.427940424712695,127,38,7,229,107,58,16,No,Good,Yes
12.388995787984463,121,65,12,314,89,57,14,No,Good,No
3.5648902734591035,107,73,2,485,102,62,14,No,Bad,No
6.330946931227313,153,29,0,119,161,57,16,No,Medium,Yes
3.9755808130096297,139,109,0,112,158,70,12,No,Good,Yes
5.717338360308546,124,38,12,464,109,68,11,No,Medium,Yes
11.025330217918041,128,80,6,55,117,29,11,No,Bad,Yes
6.591055065451099,114,27,0,168,99,47,10,No,Good,No
3.5973040471999456,121,71,15,495,144,68,11,No,Medium,No
4.197206636220244,119,27,0,199,129,57,13,No,Medium,No
6.933259207790335,123,99,15,474,130,35,11,No,Medium,Yes
10.02670952296735,118,85,16,350,113,60,16,No,Good,Yes
4.92272300481817,112,25,0,487,107,42,11,No,Medium,No
7.658861517789588,126,110,11,425,115,68,14,No,Medium,Yes
5.070189041106292,134,74,0,201,128,79,10,No,Medium,No
9.681748401897615,127,54,7,296,99,40,13,No,Good,No
9.353619114226131,131,69,1,262,122,36,10,No,Good,No
6.342238877815613,132,86,0,133,133,31,13,No,Bad,No
7.198968878701654,126,68,3,493,120,46,15,No,Bad,No
6.136292588377079,113,28,0,150,97,52,13,No,Good,No
5.2597130789133875,114,22,0,490,103,61,11,No,Medium,No
11.535592173056045,115,65,11,428,103,55,11,No,Good,Yes
13.091188889024952,120,64,15,320,79,65,13,No,Good,No
5.728051906617667,112,53,0,144,117,31,11,No,Bad,No
12.239985863714104,146,73,12,251,130,51,10,No,Good,Yes
9.778469152198197,144,45,9,405,128,63,16,No,Good,Yes
10.114980601708341,124,64,7,279,124,51,14,No,Good,Yes
11.94031785234137,101,105,0,405,70,32,17,No,Medium,Yes
10.861945483396067,108,56,15,411,99,68,15,No,Good,Yes
11.384686317654056,113,64,10,431,103,52,11,No,Good,Yes
11.41327872197702,143,71,10,253,128,49,10,No,Good,Yes
5.816976060670772,114,24,0,161,102,45,11,No,Good,No
11.495263769175864,133,67,6,266,125,51,14,No,Good,Yes
6.394297269610796,136,80,0,135,131,48,15,No,Bad,No
4.278564471216507,112,22,0,55,104,57,16,No,Medium,Yes
4.703546024198235,116,29,7,497,122,72,10,No,Medium,No
6.404506223715924,121,55,6,36,126,29,15,No,Medium,Yes
8.476510831749344,101,111,5,266,88,66,13,No,Good,No
3.4781948749537697,114,38,0,211,132,70,14,No,Medium,No
7.249841690227244,119,99,16,475,127,34,11,No,Bad,Yes
4.843586240868653,116,44,0,494,111,30,13,No,Medium,No
5.5664566603897585,109,51,9,25,120,30,17,No,Medium,Yes
7.15133288155801,106,37,6,412,94,69,15,No,Good,Yes
6.655204466526866,115,36,0,70,97,73,15,No,Medium,No
7.014182622630526,99,99,16,480,100,43,15,No,Bad,Yes
11.135541817167189,123,67,6,302,97,47,14,No,Good,No
4.802994724005689,116,40,6,473,99,58,11,No,Bad,No
4.72937708780494,131,84,0,132,142,28,13,No,Bad,No
7.5505063729209105,130,69,0,268,124,37,11,No,Good,No
9.606269695077403,146,82,7,396,137,66,17,No,Good,Yes
5.70982448596672,123,92,4,22,113,61,17,No,Medium,Yes
6.6795096741037145,136,96,0,110,121,75,14,No,Medium,No
12.092779461423756,129,69,19,385,125,40,15,No,Good,Yes
9.469532149574786,113,77,9,179,110,47,12,No,Good,Yes
7.0832436540902215,143,48,9,361,156,68,13,No,Good,Yes
6.18124101728671,113,28,0,151,97,52,13,No,Good,No
4.947317950143039,119,36,9,467,98,69,11,No,Bad,No
6.7203529631303685,95,56,0,495,77,36,11,No,Bad,No
6.022546644513198,124,55,11,447,133,53,11,No,Good,Yes
11.288287055706643,132,31,10,236,108,61,17,No,Good,Yes
7.522902776843149,130,70,0,268,124,37,11,No,Good,No
11.798234998112582,139,63,8,306,96,34,13,No,Good,No
6.113203124179877,113,25,0,160,100,46,10,No,Good,No
6.609646500497062,131,88,0,133,133,28,12,No,Bad,No
3.130357617658211,116,81,8,493,132,56,11,No,Medium,No
3.8537987418804156,114,24,0,54,111,50,17,No,Medium,No
5.840554364330767,112,52,1,151,118,29,11,No,Bad,No
8.84309761508091,127,30,5,40,97,61,12,No,Medium,No
7.007009179135388,116,31,2,166,105,50,12,No,Good,No
8.468940442357056,128,25,8,181,102,54,14,No,Good,No
4.0256825700452,109,81,4,485,107,59,14,No,Bad,No
12.54633975508066,121,90,11,39,91,37,12,No,Medium,Yes
6.592751453924028,126,109,9,485,145,48,11,No,Bad,Yes
7.461113842086011,113,112,2,129,147,40,15,No,Good,Yes
5.453888715696356,113,88,9,480,112,49,13,No,Bad,Yes
11.261433481173354,109,59,11,424,98,56,12,No,Good,Yes
8.901974139355207,108,51,13,411,99,76,16,No,Good,Yes
6.83629613462384,131,74,5,482,115,48,13,No,Medium,No
5.033136397687895,140,112,5,277,143,39,10,No,Good,No
7.559085570973644,128,78,0,272,128,34,12,No,Good,No
8.61199185500525,113,106,3,464,98,61,11,No,Bad,Yes
8.872232113009654,126,71,0,278,94,52,14,No,Good,No
10.520800689068906,127,54,7,168,110,58,13,No,Good,No
5.513731712005837,114,52,0,151,121,31,11,No,Bad,No
10.446399703168344,137,73,9,353,129,52,13,No,Good,Yes
11.582162655730317,131,37,6,224,113,52,15,No,Good,Yes
8.03778304070374,127,68,2,494,116,46,16,No,Medium,No
10.480895397309348,122,83,8,175,114,57,10,No,Good,Yes
3.5976431419828794,107,76,2,486,102,64,14,No,Bad,Yes
12.360591092860336,134,35,4,169,97,57,13,No,Good,No
1.2781095949286236,134,28,0,357,166,69,14,No,Good,Yes
5.097950770649646,139,111,5,277,143,38,10,No,Good,No
8.153987675218108,125,69,0,267,107,51,15,No,Good,No
8.844968517863146,116,103,6,129,122,33,14,No,Bad,No
8.050864975029826,127,68,2,494,115,46,16,No,Bad,No
4.466138598379962,130,84,0,129,154,33,13,No,Bad,No
10.178208841296524,125,71,3,296,100,44,13,No,Good,No
8.38859129680232,125,81,4,29,113,31,14,No,Bad,Yes
12.127729363852797,146,65,16,363,136,60,13,No,Good,Yes
3.4823123655762114,111,23,0,54,111,51,17,No,Medium,No
6.3652802456832385,105,46,0,155,115,28,12,No,Bad,No
9.869327338575193,117,51,0,209,95,55,13,No,Good,Yes
9.356475499673266,128,47,9,296,100,39,13,No,Good,No
6.41294929322442,136,99,0,110,120,76,14,No,Medium,No
5.454811779981816,112,54,0,135,116,33,12,No,Bad,No
11.851256130051475,120,76,21,372,122,44,16,No,Good,Yes
11.478058112942076,133,30,5,176,96,56,13,No,Good,No
9.492114765836305,146,42,10,407,131,73,16,No,Good,Yes
9.813374080942499,137,46,10,406,123,72,16,No,Good,Yes
8.235121796609148,111,105,0,466,96,61,10,No,Bad,Yes
6.427297830369714,137,80,0,134,131,50,15,No,Medium,No
6.326911979850129,131,92,0,136,135,28,13,No,Bad,No
3.0327757281376018,121,88,0,23,120,63,17,No,Medium,Yes
10.498327975240024,124,64,7,277,126,52,15,No,Good,Yes
9.903425197859884,116,71,10,455,130,41,13,No,Good,Yes
11.485861025394632,114,64,11,428,102,55,11,No,Good,Yes
4.729770007247364,110,84,6,482,108,54,14,No,Bad,Yes
4.78037409551319,121,26,0,198,128,56,13,No,Medium,No
10.079567752780672,117,86,17,353,116,57,17,No,Good,Yes
5.007130294080193,131,85,0,133,141,27,13,No,Bad,No
7.5679124671344145,128,78,0,272,129,34,12,No,Good,No
4.7534011734056385,113,36,0,489,111,29,12,No,Medium,No
11.452762856958547,114,65,10,430,103,53,11,No,Good,Yes
7.771776026382302,107,109,10,493,127,50,11,No,Bad,Yes
5.707454465969348,134,106,0,117,159,51,13,No,Good,Yes
7.788956341126988,119,111,1,133,142,37,14,No,Good,No
3.8481730715747346,112,84,0,482,115,58,13,No,Bad,No
8.439849418532884,130,25,9,183,105,55,14,No,Medium,No
11.642796191342066,118,78,21,375,122,41,16,No,Good,Yes
7.451252146730864,99,118,0,267,94,70,10,No,Good,No
7.635534406512622,120,62,10,450,132,48,12,No,Bad,Yes
10.422681098828937,110,54,15,407,101,72,16,No,Good,Yes
10.98012762866686,120,86,7,44,107,31,12,No,Medium,Yes
3.6709825970233854,106,70,1,485,105,65,15,No,Bad,Yes
9.173293899679338,127,92,12,342,110,73,16,No,Good,Yes
6.621609731499696,147,70,4,121,134,65,13,No,Bad,Yes
5.053697566950066,114,60,1,116,113,41,13,No,Good,No
4.746975237450809,110,27,0,485,110,33,11,No,Medium,No
7.6543622249365795,128,81,0,274,131,34,12,No,Good,No
8.10488855285168,127,70,2,495,114,46,16,No,Bad,No
9.0730269404147,127,39,8,161,113,60,16,No,Good,No
8.850078464634827,126,71,0,279,94,52,14,No,Good,No
4.975414570560094,121,46,3,219,107,55,15,No,Good,No
4.038972618840813,115,88,0,479,123,55,12,No,Medium,No
11.154558130222878,140,71,11,355,130,53,13,No,Good,Yes
5.468055436927405,114,55,5,84,101,76,13,No,Good,No
9.80692370449372,137,45,11,407,124,73,16,No,Good,Yes
7.796749904842935,120,41,8,30,108,45,13,No,Bad,No
6.126076294610777,119,23,0,59,97,62,15,No,Medium,No
10.705814519949856,138,72,9,354,130,52,13,No,Good,Yes
7.348072294203467,129,70,0,269,125,37,12,No,Good,No
11.714793529887858,138,70,8,260,127,50,11,No,Good,Yes
7.379926810063204,121,36,7,159,114,56,15,No,Good,No
8.549652268172123,110,33,0,164,102,37,12,No,Good,No
5.205551898892333,111,48,0,152,122,30,11,No,Bad,No
6.783340310572753,120,96,14,474,126,35,12,No,Bad,Yes
11.742494027141468,119,78,21,372,122,43,16,No,Good,Yes
5.476169640228261,130,68,0,28,111,35,17,No,Medium,Yes
5.662669848128174,111,51,0,152,119,30,11,No,Bad,No
9.304739695210662,134,40,16,496,96,54,16,No,Medium,No
8.691326634919118,122,76,0,274,99,61,16,No,Good,No
4.691765893321005,110,28,0,485,110,35,11,No,Medium,No
5.9040173429170055,120,67,0,497,109,44,14,No,Medium,No
8.859096525155536,130,69,0,263,121,36,11,No,Good,No
8.622416379736752,111,95,4,265,105,56,13,No,Good,No
9.797955779210248,122,62,5,257,91,49,13,No,Good,No
6.022836992880793,114,24,0,163,101,45,10,No,Good,No
13.17325586967362,109,110,2,406,73,45,15,No,Medium,Yes
8.65856375664187,110,33,0,164,101,37,12,No,Good,No
8.598191079422104,130,68,0,265,122,35,11,No,Good,No
10.013846778598952,118,86,16,352,116,58,17,No,Good,Yes
4.491332475927518,112,22,7,304,107,65,11,No,Good,Yes
9.673610227126439,140,44,10,407,127,73,16,No,Good,Yes
4.064336889604741,124,24,1,44,120,48,14,No,Medium,No
11.520069551846934,140,59,12,389,123,46,15,No,Good,Yes
5.006568309936235,145,66,4,127,140,60,13,No,Bad,No
5.05045079259628,121,44,4,481,105,55,12,No,Bad,No
11.328036537122644,118,67,9,307,94,53,15,No,Good,Yes
4.861894656143775,117,42,5,476,101,55,11,No,Bad,No
11.381105729752248,118,67,9,308,95,53,15,No,Good,No
6.0908275025205585,113,28,0,150,97,52,13,No,Good,No
5.024719094458632,121,44,5,480,104,55,11,No,Bad,No
9.493445916949614,146,42,10,407,131,73,16,No,Good,Yes
8.919687300983421,125,72,0,276,95,53,15,No,Good,No
10.13614461470144,126,49,12,407,115,74,16,No,Good,Yes
11.733114558263889,121,76,20,369,121,47,16,No,Good,Yes
3.1475323152335215,130,60,0,142,139,40,10,No,Bad,No
6.178141075951019,125,45,0,202,130,50,13,No,Medium,No
8.858160966499431,125,72,0,277,95,54,15,No,Good,No
8.16018900579629,133,62,7,406,123,42,13,No,Good,Yes
5.514708855211968,115,63,7,93,99,66,13,No,Good,No
6.635359143232648,114,27,0,168,99,46,10,No,Good,No
9.628470361770901,115,62,10,290,126,54,16,No,Good,Yes
6.488057775945955,96,93,14,383,120,36,17,No,Good,Yes
11.522903089573289,115,65,11,428,103,55,11,No,Good,Yes
6.525671417102333,153,33,2,125,160,57,17,No,Medium,Yes
7.435174115766865,129,73,0,270,126,36,12,No,Good,No
11.022355800685041,131,67,5,267,124,48,13,No,Good,Yes
6.5319974483163294,116,28,0,151,95,54,13,No,Good,No
10.185955451502384,124,113,15,458,105,61,15,No,Bad,Yes
11.09736842570004,122,91,11,421,130,35,10,No,Medium,Yes
6.156894164413966,139,30,1,475,136,79,14,No,Medium,No
10.430930540141347,119,43,0,204,97,52,10,No,Good,No
8.73151029832056,118,85,6,265,114,51,14,No,Good,Yes
7.737107095136682,126,81,0,272,128,35,12,No,Good,No
4.446108334397463,116,23,0,56,107,53,16,No,Medium,No
7.3061223920694225,130,70,3,36,102,40,17,No,Medium,Yes
8.966820051113274,130,68,0,264,122,34,11,No,Good,No
6.969314562917616,132,61,0,264,122,41,12,No,Good,No
9.376314707534844,131,69,1,262,122,36,10,No,Good,No
9.33890062667199,133,31,6,35,100,59,11,No,Medium,No
6.775771749041938,112,99,0,470,106,59,11,No,Bad,Yes
12.389599607769764,123,75,22,382,126,37,15,No,Good,Yes
3.8151585604018257,106,64,0,484,105,66,14,No,Medium,No
6.298495514143731,114,58,2,143,113,30,11,No,Bad,No
6.364542771096906,122,31,5,288,123,56,12,No,Good,Yes
9.063742004838788,131,25,9,182,102,56,14,No,Good,No
11.591334752491694,137,69,7,262,127,49,12,No,Good,Yes
2.386449308696603,131,78,0,132,154,31,13,No,Bad,No
7.912374171716325,107,36,0,176,99,43,11,No,Good,No
8.572320958549454,123,74,0,271,102,58,16,No,Good,No
5.765496359035703,128,88,8,417,124,57,10,No,Medium,Yes
6.7665801541254105,132,106,0,108,124,75,10,No,Good,Yes
3.6744470711810955,106,70,1,485,105,65,15,No,Bad,Yes
10.598238762730483,139,51,11,398,123,60,15,No,Good,Yes
7.616420741333571,126,65,2,493,118,44,15,No,Bad,No
5.903340008277197,136,80,0,135,134,46,15,No,Bad,No
8.705110716920874,122,76,0,274,99,61,16,No,Good,No
10.750682980664267,115,82,19,361,119,50,16,No,Good,Yes
12.391677312235185,144,64,15,374,128,54,13,No,Good,Yes
8.47344354184071,123,101,0,303,112,47,13,No,Good,No
9.716118330119949,141,70,10,248,121,57,11,No,Good,Yes
6.498645722484065,102,44,0,157,114,28,12,No,Bad,No
7.907748525537956,140,78,0,110,128,68,12,No,Medium,No
8.30290966214625,103,106,7,470,95,53,11,No,Bad,Yes
7.403382266154659,97,119,0,267,92,71,10,No,Good,No
8.457345432696627,107,50,13,411,98,77,17,No,Good,Yes
13.35578955569625,130,63,11,308,97,44,12,No,Good,Yes
3.574305746771277,132,76,0,135,145,34,13,No,Bad,No
8.166210569784502,111,107,1,460,98,61,11,No,Medium,Yes
9.326296467133107,124,88,2,301,108,46,13,No,Good,No
7.139002103244236,131,89,0,134,130,28,12,No,Bad,No
10.974774319768855,140,59,11,391,123,46,14,No,Good,Yes
12.145868551369624,110,112,0,401,76,53,16,No,Medium,Yes
9.463689049629338,115,62,9,287,128,54,15,No,Good,Yes
7.548359572897608,144,73,11,369,148,37,11,No,Good,Yes
12.961795215549422,121,64,15,319,81,64,13,No,Good,No
5.180040376623084,111,86,7,481,109,52,14,No,Bad,No
8.85248996766778,122,35,0,241,121,52,13,No,Good,Yes
7.052389966061367,125,64,0,124,119,30,11,No,Bad,No
3.455106248368974,141,30,3,375,165,76,15,No,Good,Yes
5.002008747772166,117,39,0,477,118,72,14,No,Medium,No
9.904770618089673,135,47,11,407,122,73,15,No,Good,Yes
8.322990375865835,130,69,1,269,125,41,12,No,Good,Yes
8.451732416758293,112,105,1,469,94,62,10,No,Bad,Yes
11.229973365724554,113,62,13,420,103,63,13,No,Good,Yes
8.163325220264,126,74,1,497,109,48,16,No,Bad,No
5.259086968507568,135,109,0,112,119,79,15,No,Good,Yes
9.726846512389736,139,45,10,407,126,72,15,No,Good,Yes
12.888670374882135,109,110,3,406,76,44,15,No,Medium,Yes
4.720843389260795,114,40,5,473,99,55,11,No,Bad,No
5.203347122400366,128,53,1,498,120,30,14,No,Medium,No
10.610683928451465,129,74,20,382,135,33,14,No,Good,Yes
6.730994318971707,132,91,1,274,134,35,11,No,Good,No
11.6991064418187,138,70,8,260,127,50,11,No,Good,Yes
6.08733119234857,114,25,0,164,101,45,10,No,Good,No
4.714024211844015,110,28,0,485,110,34,11,No,Medium,No
8.820234584010926,128,76,6,28,89,43,16,No,Bad,Yes
6.718473964226123,139,49,4,489,136,33,16,No,Medium,No
8.933337520558151,124,73,0,274,96,54,16,No,Good,No
8.820824862294346,127,67,1,267,112,50,14,No,Good,No
12.212343400582546,144,62,9,309,94,31,13,No,Good,No
9.041029187941167,118,76,11,46,93,57,16,No,Medium,Yes
10.960364539409987,104,54,11,420,94,57,14,No,Good,Yes
4.711955621661371,110,28,0,485,110,34,11,No,Medium,No
9.895902534841177,121,61,6,255,91,49,13,No,Good,No
9.692477668490616,115,62,10,290,125,54,15,No,Good,Yes
11.48439416066356,143,71,10,253,128,49,10,No,Good,Yes
10.213404095802105,120,110,9,492,77,73,14,No,Bad,Yes
3.073815276707857,133,77,0,132,150,34,13,No,Bad,No
9.647234611664771,135,74,6,349,129,50,13,No,Good,Yes
10.52479291315281,121,85,8,174,114,56,10,No,Good,Yes
8.453449160504926,113,93,5,265,109,56,13,No,Good,No
5.098522910959859,122,39,8,472,101,66,11,No,Bad,No
5.812337787816428,114,24,0,162,102,45,10,No,Good,No
4.428339745083836,114,90,0,477,121,56,12,No,Bad,Yes
8.600298037319417,120,82,4,266,118,45,13,No,Good,Yes
8.71537672617144,122,76,0,273,99,61,16,No,Good,No
5.677277161297208,129,63,0,39,106,38,17,No,Medium,Yes
5.170338553087908,110,47,0,152,122,30,11,No,Bad,No
5.4063315013781486,121,45,3,221,107,56,16,No,Good,Yes
12.524628379924502,139,71,18,362,129,58,13,No,Good,Yes
8.066395999673762,112,108,3,455,101,62,12,No,Medium,Yes
7.242763412682391,129,76,4,487,111,49,14,No,Medium,No
6.140284761760412,113,28,0,150,97,52,13,No,Good,No
3.1079426943799073,132,81,0,132,150,31,14,No,Bad,No
2.872873305506209,115,40,0,206,136,59,15,No,Medium,No
8.652883156226286,125,71,0,272,100,52,15,No,Good,No
6.3100903580417125,125,25,3,191,119,55,13,No,Medium,No
4.598777501099564,111,41,3,476,107,71,13,No,Bad,No
9.218992333086238,109,41,0,189,93,49,10,No,Good,No
9.775066840645547,137,45,10,407,124,73,16,No,Good,Yes
8.29793363592008,138,80,0,108,126,70,12,No,Medium,No
5.161464548313623,114,59,0,119,114,37,13,No,Bad,No
4.735562066973095,115,38,6,471,98,58,11,No,Bad,No
8.199502289865139,110,98,3,266,105,59,12,No,Good,No
5.085087203252384,122,41,6,475,103,62,11,No,Bad,No
4.553542797185571,110,41,2,477,107,71,13,No,Bad,No
8.723406352907768,134,29,5,35,104,58,11,No,Medium,No
9.552337765389428,127,41,2,225,121,48,14,No,Good,Yes
8.97747030982766,105,108,14,397,105,40,12,No,Medium,Yes
5.15879666018356,111,48,0,150,122,31,11,No,Bad,No
12.107666994634156,120,77,22,376,124,40,16,No,Good,Yes
11.583479822774882,138,72,14,358,129,55,13,No,Good,Yes
2.601826958443226,135,64,2,132,149,51,13,No,Bad,No
8.370306594649726,112,66,10,37,113,30,14,No,Medium,Yes
4.9138488834411245,112,87,5,480,113,53,13,No,Bad,Yes
8.1080820470536,107,30,1,410,93,56,14,No,Good,Yes
4.6911383600948025,110,28,0,485,110,35,11,No,Medium,No
5.910889921316176,131,22,2,42,113,57,12,No,Medium,No
6.414374112657101,114,33,0,68,97,72,15,No,Medium,No
10.671011363381325,115,82,19,360,119,50,16,No,Good,Yes
4.239597227789558,117,42,2,216,118,62,15,No,Medium,No
9.327310511975199,108,36,0,164,102,34,13,No,Good,No
9.268260882879867,109,35,0,165,101,35,12,No,Good,No
11.356067272171124,123,76,19,361,120,56,16,No,Good,Yes
11.20730885574163,110,63,10,434,103,49,11,No,Good,Yes
8.233075872892783,131,92,9,344,120,70,15,No,Good,Yes
4.584240955231649,118,52,0,151,127,33,11,No,Bad,No
11.906701106381826,123,87,10,42,100,36,13,No,Medium,Yes
4.673941350432671,113,36,7,467,95,62,11,No,Bad,No
10.036962010628415,137,48,10,405,122,62,16,No,Good,Yes
5.718941950663079,116,36,1,222,130,57,15,No,Medium,No
4.70226672225518,111,27,0,486,110,30,11,No,Medium,No
3.450754986092854,107,77,2,487,105,62,14,No,Bad,Yes
3.815034314333706,122,95,3,151,125,61,14,Yes,Bad,No
6.340176659119797,136,80,0,135,131,48,15,No,Bad,No
3.574153012721977,107,73,2,485,102,62,14,No,Bad,No
4.349604063780101,115,90,4,415,111,66,11,Yes,Bad,Yes
5.060544210062369,121,44,4,481,105,55,12,No,Bad,No
8.322007282885004,141,117,10,308,122,41,11,Yes,Bad,Yes
5.282165132836448,112,87,7,480,112,50,13,No,Bad,Yes
9.110888900257963,135,73,4,278,103,43,14,Yes,Bad,Yes
4.006226882347739,135,111,3,307,135,55,13,Yes,Bad,Yes
3.648428669848221,106,71,1,485,104,64,14,No,Bad,Yes
5.3716699272896715,138,64,16,372,149,29,13,Yes,Bad,Yes
5.678716576704938,112,55,0,137,115,32,11,No,Bad,No
7.849298721293691,126,67,2,493,116,44,15,No,Bad,No
4.811714907317158,136,59,8,348,131,34,14,Yes,Bad,Yes
4.491542659079308,120,88,0,150,107,74,15,Yes,Bad,No
1.0890457080362341,94,91,0,20,117,73,11,Yes,Bad,No
4.881738812472298,127,63,0,49,109,46,14,Yes,Bad,No
6.833284009174673,115,60,2,150,113,28,11,No,Bad,No
7.337677984424892,121,82,7,195,84,77,15,Yes,Bad,Yes
5.191913558794909,111,48,0,152,122,30,11,No,Bad,No
2.154402222197788,120,94,1,20,131,60,15,Yes,Bad,No
11.021381398027227,99,103,0,402,72,27,17,Yes,Bad,No
4.885355069640651,114,95,6,179,105,64,16,Yes,Bad,Yes
7.62897891406623,131,97,2,264,96,62,12,Yes,Bad,Yes
6.567395980876757,132,84,0,132,131,31,12,No,Bad,No
8.70033651485083,152,99,10,289,120,37,13,Yes,Bad,Yes
4.762018770086228,114,36,7,467,95,64,11,No,Bad,No
5.2227452084982735,111,48,0,152,122,30,11,No,Bad,No
7.780217792200225,158,86,6,287,126,34,15,Yes,Bad,Yes
4.536749214622352,120,87,0,149,108,75,15,Yes,Bad,No
6.513847994966499,119,53,0,107,109,40,13,Yes,Bad,No
8.35894445497032,111,105,0,467,95,61,10,No,Bad,Yes
4.423856354764118,109,36,6,468,94,55,11,No,Bad,No
5.275965219179881,131,61,0,45,110,44,14,Yes,Bad,No
7.993158719781347,123,98,16,469,121,31,12,No,Bad,Yes
5.192979981338728,111,86,7,480,109,51,13,No,Bad,Yes
3.9314778334707547,131,64,0,140,136,41,11,No,Bad,No
4.4266957029084315,120,90,0,150,107,74,16,Yes,Bad,No
5.2451751047059,121,102,0,406,113,49,14,Yes,Bad,Yes
6.420029557953982,137,38,2,331,129,28,14,Yes,Bad,Yes
4.4132223429591155,143,62,3,130,138,63,13,Yes,Bad,No
5.061150901551586,121,42,5,476,103,59,11,No,Bad,No
3.2462465607306212,118,65,0,64,111,55,11,Yes,Bad,No
8.143845958443316,122,100,17,469,122,30,12,No,Bad,Yes
4.704614599597257,111,44,7,255,83,73,15,Yes,Bad,Yes
5.297595306390558,120,34,0,142,102,64,16,Yes,Bad,No
6.049165213179732,147,70,0,36,121,56,13,Yes,Bad,No
6.175165363241201,132,115,3,323,140,36,12,Yes,Bad,Yes
7.090981305677097,122,41,17,391,119,35,12,Yes,Bad,Yes
9.336980096395076,141,114,11,288,111,44,12,Yes,Bad,Yes
3.340443277566684,132,81,0,132,148,32,14,No,Bad,No
4.913159464810283,114,75,3,347,93,68,14,Yes,Bad,Yes
5.055555897742894,131,86,0,133,140,27,12,No,Bad,No
4.406298048667107,122,92,0,157,108,68,16,Yes,Bad,No
6.79501115573916,138,35,2,76,135,33,14,Yes,Bad,No
8.038970995905997,133,39,0,97,124,40,13,Yes,Bad,No
6.609178607263688,103,95,14,206,101,66,16,Yes,Bad,Yes
3.17026926348145,130,85,0,130,155,26,14,No,Bad,No
5.918968482593269,130,29,10,336,126,33,12,Yes,Bad,Yes
4.192990353847739,124,101,0,146,119,59,16,Yes,Bad,No
4.930991857227236,113,49,0,151,125,32,11,No,Bad,No
6.206476450903105,126,84,5,272,97,63,11,Yes,Bad,Yes
8.432582906450284,147,93,9,284,123,38,14,Yes,Bad,Yes
4.628384329833535,112,37,6,469,96,56,11,No,Bad,No
5.796822470719814,108,68,0,364,87,43,12,Yes,Bad,Yes
7.920017820633032,87,71,6,490,73,34,12,No,Bad,No
7.875820931787788,115,88,3,125,84,49,11,Yes,Bad,No
8.179199333613932,115,93,4,130,84,52,11,Yes,Bad,No
8.632096414890338,126,78,5,28,99,37,15,Yes,Bad,No
6.526895608466525,139,41,0,331,130,28,14,Yes,Bad,Yes
6.7122387982415965,131,88,0,133,132,28,12,No,Bad,No
5.301140641333698,131,85,0,133,139,27,12,No,Bad,No
1.7099788623938015,119,94,1,21,133,59,16,Yes,Bad,No
7.21522105986621,121,98,16,473,126,32,12,No,Bad,Yes
7.233629678701293,115,37,12,407,102,48,13,Yes,Bad,No
5.454322369536909,113,87,8,479,112,49,12,No,Bad,Yes
6.531784486426651,136,114,4,338,133,40,10,Yes,Bad,Yes
4.228707387235781,103,23,9,333,93,70,11,Yes,Bad,Yes
9.57840876502695,115,65,0,375,70,29,17,Yes,Bad,No
7.263288835630908,124,40,18,397,119,39,12,Yes,Bad,Yes
8.303509267650107,136,36,0,95,127,40,13,Yes,Bad,No
4.465109657993049,117,94,2,416,111,61,11,Yes,Bad,Yes
9.097571260657702,106,21,9,343,81,73,13,Yes,Bad,Yes
4.772481162767447,133,107,12,430,145,61,13,Yes,Bad,Yes
3.580997470919856,139,64,2,129,145,54,13,No,Bad,No
10.169040842260666,120,109,8,492,77,72,14,No,Bad,Yes
4.394214747518898,123,94,0,164,108,61,16,Yes,Bad,No
6.526612125307854,118,53,17,264,88,77,17,Yes,Bad,Yes
3.8881006054709832,130,82,0,129,154,32,13,No,Bad,No
3.1598125452680925,116,80,8,493,133,57,11,Yes,Bad,Yes
6.6554167032092675,123,46,0,107,100,40,13,Yes,Bad,No
4.1813901846577215,135,59,8,396,128,63,14,Yes,Bad,Yes
5.214988903761767,112,87,7,480,110,52,13,No,Bad,Yes
7.900739525224319,121,100,18,470,124,30,12,No,Bad,Yes
3.6342926529582993,132,79,0,133,146,34,13,No,Bad,No
3.476096386796737,118,66,0,68,112,56,11,Yes,Bad,No
6.353904872025611,117,56,0,109,101,39,14,Yes,Bad,No
4.770007780372779,116,51,0,150,125,32,11,No,Bad,No
7.236318235767533,125,68,15,256,84,77,17,Yes,Bad,Yes
5.177829221176423,112,55,0,127,116,35,12,No,Bad,No
10.686920894796419,123,112,12,499,73,76,15,No,Bad,Yes
1.3624100118356082,97,93,0,21,117,73,12,Yes,Bad,No
5.472240510754747,130,63,0,42,107,41,15,Yes,Bad,No
4.618084578031821,112,36,7,467,95,61,11,No,Bad,No
5.87389277216877,127,36,12,399,126,38,15,Yes,Bad,Yes
7.990186677046465,154,80,6,284,125,35,15,Yes,Bad,Yes
3.3449275431034344,124,95,0,15,123,67,14,Yes,Bad,No
4.412574029910542,121,91,0,154,108,71,16,Yes,Bad,No
4.709510589670077,114,37,6,469,96,59,11,No,Bad,No
6.914780851749507,106,45,10,415,96,78,16,Yes,Bad,Yes
2.268544360068098,137,55,1,138,141,63,14,Yes,Bad,No
5.799223531754901,138,87,0,17,120,60,12,Yes,Bad,No
4.806203740772155,130,62,0,50,111,48,14,Yes,Bad,No
2.4283178241662475,133,69,1,132,151,42,13,No,Bad,No
3.21504500889994,130,60,0,143,138,38,10,No,Bad,No
7.343387996297748,107,90,12,226,102,57,16,Yes,Bad,Yes
7.508473910673283,120,98,16,472,124,33,11,No,Bad,Yes
4.54180749680048,125,39,2,353,123,45,13,Yes,Bad,Yes
5.223310574895589,132,101,3,344,128,50,12,Yes,Bad,Yes
4.465114197129353,120,90,0,151,107,73,15,Yes,Bad,No
5.326431736321922,133,43,7,321,130,32,13,Yes,Bad,Yes
6.8045893289646475,122,61,15,258,85,77,17,Yes,Bad,Yes
5.372651887194797,135,92,0,13,120,62,12,Yes,Bad,No
9.689748266524463,120,110,11,460,102,61,13,No,Bad,Yes
6.000684338167753,145,76,0,30,121,57,13,Yes,Bad,No
5.810764027333591,117,55,9,255,83,75,15,Yes,Bad,Yes
8.540628442668675,132,91,0,135,123,30,12,No,Bad,No
4.1112470322994215,138,113,4,298,138,51,12,Yes,Bad,Yes
4.116877263396546,131,82,0,132,145,29,13,No,Bad,No
5.080887469730993,133,71,0,138,134,43,13,No,Bad,No
2.66546627027558,117,85,11,169,138,68,11,Yes,Bad,No
4.529370086445505,120,87,0,149,108,73,15,Yes,Bad,No
7.104694497291731,119,94,14,472,126,34,12,No,Bad,Yes
3.132858072504842,100,22,10,328,92,73,11,Yes,Bad,Yes
6.166777468251678,136,80,0,135,132,47,15,No,Bad,No
5.199565518256449,131,86,0,133,140,27,12,No,Bad,No
4.3539939535893,124,40,2,356,122,47,14,Yes,Bad,Yes
4.6901192482647724,113,39,5,471,98,56,11,No,Bad,No
6.908667231614745,120,96,15,474,126,34,12,No,Bad,Yes
6.37094489637494,114,58,2,143,113,29,11,No,Bad,No
6.762002160983059,136,116,4,337,134,38,10,Yes,Bad,Yes
7.871852679728516,122,96,15,469,122,32,12,No,Bad,Yes
7.95243136784386,127,67,2,492,117,45,15,No,Bad,No
4.080875747700739,137,47,4,148,133,69,16,Yes,Bad,No
4.015118205859748,120,68,11,392,121,69,14,Yes,Bad,Yes
4.60028354384408,143,65,3,127,141,58,13,No,Bad,No
8.630842639772306,116,62,0,370,72,32,16,Yes,Bad,No
7.059851984149522,142,29,2,481,135,70,12,No,Medium,No
3.6364186119473825,112,80,4,499,127,68,10,No,Medium,No
3.573465059333931,117,74,12,496,138,67,10,No,Medium,No
8.15844394697119,98,73,0,58,67,62,14,Yes,Medium,No
8.540385980247786,116,80,3,161,99,49,11,Yes,Medium,Yes
4.462753952083456,110,56,0,501,109,62,15,No,Medium,No
4.874712671547998,117,48,0,495,111,30,13,No,Medium,No
7.969050337721654,126,94,0,423,108,44,11,Yes,Medium,No
6.759964952847948,132,60,0,263,125,41,12,Yes,Medium,No
9.421596584364632,128,86,8,26,101,49,17,No,Medium,Yes
6.637179560466793,117,54,1,218,99,57,15,No,Medium,No
7.1318614365133115,130,71,4,484,116,47,13,No,Medium,No
4.718087055601716,110,27,0,485,110,34,11,No,Medium,No
11.655783310997974,143,68,17,500,106,45,11,No,Medium,No
7.767086827244831,134,27,20,382,143,35,15,Yes,Medium,No
3.9670618946865446,117,53,0,345,103,69,16,Yes,Medium,No
8.459143542042376,150,82,3,216,134,37,11,Yes,Medium,No
6.116462989495929,119,23,0,59,97,62,15,No,Medium,No
7.755834985990194,112,84,1,239,97,61,11,No,Medium,Yes
8.220672549150944,119,27,0,398,96,39,15,Yes,Medium,No
6.01304729633093,133,35,0,153,116,50,15,Yes,Medium,No
2.730670066308184,125,55,0,331,136,76,16,Yes,Medium,No
8.834684817316575,89,70,0,44,50,58,16,Yes,Medium,No
5.5292494712462466,115,45,0,432,116,25,14,Yes,Medium,Yes
12.158386474151476,108,110,0,401,74,49,16,No,Medium,Yes
10.001395261074904,132,51,15,289,99,43,11,No,Medium,Yes
5.0600295850745445,112,24,0,488,105,49,11,No,Medium,No
8.624604084216047,126,35,9,293,102,42,12,Yes,Medium,Yes
9.113063293010434,130,40,13,295,100,38,12,No,Medium,Yes
12.490517201040095,121,89,11,38,91,37,12,No,Medium,Yes
6.719750628703991,112,115,11,219,131,55,11,Yes,Medium,Yes
5.052466585153198,123,56,0,499,114,31,14,No,Medium,No
7.727457999905291,147,89,2,68,152,57,14,Yes,Medium,Yes
5.431617938331901,128,31,5,88,137,46,17,Yes,Medium,Yes
5.844325306075913,155,70,5,440,163,45,17,Yes,Medium,No
4.678202121468095,111,28,0,486,111,29,12,No,Medium,No
6.747701664930187,125,44,0,206,129,49,13,No,Medium,No
7.262080779775625,148,87,0,353,136,48,13,Yes,Medium,No
7.311552176773054,110,83,1,234,97,61,11,Yes,Medium,No
6.435737943416483,115,36,18,397,130,35,14,Yes,Medium,No
5.9991830725275985,115,86,5,333,120,64,13,Yes,Medium,No
7.302504964055551,118,64,6,37,110,33,15,No,Medium,Yes
4.268364380995,106,46,0,481,110,69,14,No,Medium,No
7.183960543658111,149,73,14,443,160,44,17,Yes,Medium,No
6.523458339966817,135,97,0,110,120,75,14,No,Medium,No
9.385632690810288,96,99,4,396,90,29,18,No,Medium,Yes
5.152601573422658,135,109,0,109,132,75,12,No,Medium,No
9.373079646206282,128,69,16,215,126,30,12,Yes,Medium,Yes
4.710113083255076,110,28,0,485,110,33,11,No,Medium,No
6.70900918860678,130,68,1,36,103,39,17,No,Medium,Yes
5.712416440862522,123,25,1,193,122,55,13,No,Medium,No
8.87316062634718,134,39,4,90,108,47,13,Yes,Medium,No
4.733202941973696,124,45,0,199,134,51,14,No,Medium,No
7.24270865032687,127,119,7,187,141,40,12,Yes,Medium,No
7.896688504121269,113,33,0,419,91,69,14,Yes,Medium,No
6.802897445180741,111,30,1,409,97,55,12,Yes,Medium,No
8.196690819104683,123,40,4,26,98,60,11,Yes,Medium,Yes
4.967537401891533,121,77,7,98,111,77,12,Yes,Medium,No
8.761962174010657,127,89,0,506,93,54,17,No,Medium,No
8.9292501529976,137,35,14,359,110,69,10,Yes,Medium,No
9.6016948002515,132,31,6,35,98,59,11,No,Medium,No
7.01962649199052,144,71,1,401,124,71,16,Yes,Medium,No
8.065408955582383,137,64,12,162,133,33,15,Yes,Medium,Yes
8.559593510709988,101,90,4,390,103,29,15,Yes,Medium,Yes
6.047958379713501,140,50,0,398,126,63,16,Yes,Medium,Yes
7.305339430522391,139,39,6,261,127,40,10,Yes,Medium,Yes
8.132741902474466,118,86,9,167,102,62,13,Yes,Medium,Yes
6.4082516963561424,118,77,6,156,109,73,13,Yes,Medium,Yes
9.25645197033979,121,76,11,41,92,55,16,No,Medium,Yes
6.763288864772725,108,65,12,41,118,61,16,Yes,Medium,Yes
12.974142031808483,109,110,1,405,73,46,15,No,Medium,Yes
7.966198819898973,128,72,5,35,99,44,17,No,Medium,Yes
6.552702342085021,131,38,0,152,113,50,14,Yes,Medium,No
9.166061414125924,173,65,26,420,166,52,12,Yes,Medium,No
7.114374987906286,132,109,0,106,119,71,10,No,Medium,No
5.710933924680028,121,42,3,188,117,53,14,No,Medium,No
8.307797814978809,141,63,9,28,115,45,17,No,Medium,Yes
11.97008729845473,122,87,9,43,100,35,12,No,Medium,Yes
8.601752967435923,141,70,14,238,117,68,14,Yes,Medium,Yes
7.360428981458108,107,25,0,408,90,51,14,Yes,Medium,No
7.2368298447629575,109,27,0,408,95,55,13,Yes,Medium,No
5.333388118592247,121,55,0,499,109,33,14,No,Medium,No
4.150925579651845,116,89,0,477,125,54,12,No,Medium,No
3.0740719789656605,125,61,0,331,137,75,15,Yes,Medium,No
5.960619587122085,113,28,0,63,97,69,15,No,Medium,No
4.7105591588130125,110,28,0,485,110,34,11,No,Medium,No
5.576746251646708,115,99,2,21,111,61,17,Yes,Medium,Yes
6.463010863967641,121,87,4,19,112,64,14,No,Medium,Yes
5.6382680194370245,118,23,0,58,100,59,16,No,Medium,No
4.696236112726234,109,28,0,484,110,34,11,No,Medium,No
8.601532579905715,122,77,17,217,120,29,13,Yes,Medium,Yes
5.457564921730006,127,85,6,418,127,56,10,Yes,Medium,Yes
5.668829900875573,121,73,0,285,133,77,12,Yes,Medium,Yes
5.127938580539419,117,49,11,24,128,59,14,Yes,Medium,Yes
8.093346875611248,111,107,2,456,100,61,11,No,Medium,Yes
10.98055763916921,120,112,10,143,89,54,11,Yes,Medium,Yes
5.651844509069381,137,28,5,239,146,47,14,Yes,Medium,Yes
8.129285663829164,116,116,10,428,108,64,16,No,Medium,Yes
5.720835811305218,112,40,13,321,104,78,16,Yes,Medium,No
6.432257611276088,124,43,0,125,107,79,11,Yes,Medium,No
4.695433008965795,110,28,0,485,110,34,11,No,Medium,No
6.305615646163317,111,73,1,447,102,68,15,Yes,Medium,Yes
7.686564235581799,142,85,8,426,130,61,13,Yes,Medium,Yes
6.790331132668881,121,74,0,227,128,72,12,Yes,Medium,Yes
10.859961782136294,123,90,6,56,108,31,11,Yes,Medium,No
8.583645094729585,111,101,16,265,92,63,16,Yes,Medium,Yes
8.49764295477427,128,41,8,322,106,35,12,Yes,Medium,Yes
6.980387710770194,117,119,9,197,136,46,11,Yes,Medium,No
4.42595052901677,111,34,0,226,130,60,15,No,Medium,No
7.116765362443789,121,56,0,501,106,54,13,No,Medium,No
7.400734592701197,126,85,0,425,114,43,10,Yes,Medium,No
8.866944551750827,159,76,16,427,146,59,13,Yes,Medium,No
4.2701504829898855,110,62,0,494,107,56,15,No,Medium,No
6.244304353630319,116,27,0,62,97,66,15,No,Medium,No
5.084315273075224,124,45,0,199,133,51,13,No,Medium,No
6.549028431497472,142,68,1,406,120,70,16,Yes,Medium,No
5.825599358974226,119,95,9,475,127,43,11,Yes,Medium,No
6.965952801124287,123,109,0,122,125,30,12,Yes,Medium,No
7.929805366085986,131,103,0,142,129,31,13,Yes,Medium,No
8.133678210814796,151,76,3,399,137,67,17,Yes,Medium,No
11.325413756947826,121,91,6,56,107,31,12,Yes,Medium,No
4.974425449939028,121,34,8,321,117,78,16,Yes,Medium,No
11.069686862664321,142,63,10,305,97,34,13,Yes,Medium,Yes
6.526772420219236,153,32,1,124,160,57,17,No,Medium,Yes
6.481335933502006,122,87,4,335,126,62,13,Yes,Medium,No
4.166429619986597,124,86,0,470,132,51,12,Yes,Medium,No
3.767901214700292,121,69,15,493,145,70,11,No,Medium,No
6.270986285467137,150,38,4,130,156,56,16,No,Medium,Yes
6.584902506043536,140,76,0,197,127,69,12,Yes,Medium,No
7.998954548331911,118,53,0,92,87,48,16,Yes,Medium,No
6.90120855243689,116,97,0,54,102,69,12,Yes,Medium,Yes
4.735629869233761,136,109,0,110,135,76,13,No,Medium,No
5.120158376404106,109,47,8,29,120,31,17,No,Medium,Yes
4.407551556326534,118,92,0,474,131,53,12,No,Medium,No
3.7734872588021173,106,66,0,484,105,66,14,Yes,Medium,No
5.194456387568147,112,22,0,56,97,64,16,No,Medium,No
6.811617996024512,131,61,0,263,124,41,12,Yes,Medium,No
7.169950684332387,140,49,3,492,132,34,15,No,Medium,No
6.84033477507171,135,74,17,452,140,55,17,Yes,Medium,No
5.939537357755172,134,31,0,475,132,77,14,No,Medium,No
8.739769464300734,143,63,10,27,116,46,17,No,Medium,Yes
4.089120116976669,120,27,1,42,120,44,14,No,Medium,Yes
7.621972259091855,137,86,0,108,124,71,12,No,Medium,No
8.353293262668371,107,69,7,439,95,46,13,Yes,Medium,No
8.01674545508969,107,97,13,378,115,39,14,No,Medium,Yes
5.4882752277782165,113,23,0,58,97,66,15,No,Medium,No
7.991755000056313,128,33,17,358,106,66,10,Yes,Medium,No
11.518521960699557,114,64,11,428,102,55,11,No,Good,Yes
8.765149958725754,130,68,0,263,121,35,11,No,Good,No
6.757133366649061,114,59,2,148,113,28,11,No,Bad,No
7.3429813679154226,113,30,0,174,96,49,10,No,Good,No
9.556840631965912,146,42,10,407,131,72,15,No,Good,Yes
7.548202579580994,133,83,0,133,126,37,12,No,Bad,No
7.9976687312070105,123,43,9,158,117,60,16,No,Good,No
3.564480744961777,107,76,2,486,102,63,14,No,Bad,Yes
10.261191819215838,117,43,0,202,93,54,10,No,Good,No
12.522248635869307,121,89,11,38,91,37,12,No,Medium,Yes
2.9976432815708787,143,21,4,81,160,66,12,No,Medium,Yes
6.45388917230321,153,29,0,120,161,57,16,No,Medium,Yes
7.75137273628934,132,105,12,423,116,69,11,No,Medium,Yes
11.209280000163238,121,67,7,303,95,49,14,No,Good,No
9.416076232354229,115,62,10,288,128,54,15,No,Good,Yes
3.1277737434945423,131,82,0,131,151,29,14,No,Bad,No
11.709459769994313,119,66,10,309,92,54,14,No,Good,No
7.863013847733482,126,66,2,492,117,44,15,No,Bad,No
7.593119542327896,128,79,0,272,129,34,12,No,Good,No
4.5311795494371445,117,64,0,497,109,41,14,No,Bad,No
5.099997751075035,100,69,3,485,91,52,13,No,Bad,No
13.667344383689388,109,110,0,407,69,45,16,No,Medium,Yes
11.162229731180942,107,58,11,423,97,55,12,No,Good,Yes
8.218308422501229,125,69,0,267,106,51,15,No,Good,No
7.319493521356313,119,93,14,471,126,34,12,No,Bad,Yes
8.713743703738563,122,76,0,273,99,61,16,No,Good,No
10.412587338519277,122,81,8,174,114,57,10,No,Good,Yes
10.063465126328195,106,63,10,434,96,38,12,No,Good,Yes
6.2895494854615865,136,80,0,135,132,48,15,No,Bad,No
6.492466767796001,127,108,9,484,145,47,11,No,Medium,Yes
3.7989369735043175,106,64,0,484,105,66,14,No,Bad,No
6.197328691669422,119,53,6,34,125,29,15,No,Medium,Yes
8.402144453502808,111,105,1,465,96,61,10,No,Bad,Yes
8.267947124351732,138,80,0,108,126,70,12,No,Medium,No
8.264775917497115,111,105,0,466,96,61,10,No,Bad,Yes
9.843760366600776,131,50,13,290,99,42,11,No,Good,No
6.911063186041729,93,58,0,494,76,35,11,No,Bad,No
13.09717201676836,120,64,15,320,79,65,13,No,Good,No
4.611339681488963,112,36,6,468,95,57,11,No,Bad,No
7.924798027722757,121,39,7,30,107,46,12,No,Medium,No
8.697980222170441,122,76,0,274,99,61,16,No,Good,No
5.102784669549328,143,55,10,142,148,55,15,No,Bad,No
6.453020788806699,131,86,7,413,126,58,11,No,Good,Yes
8.645060464051173,124,71,0,271,100,52,15,No,Good,No
8.244126290346562,111,105,0,466,96,61,10,No,Bad,Yes
10.076660931422934,120,109,8,491,78,72,14,No,Bad,Yes
4.363339362874935,106,43,0,480,111,70,14,No,Medium,No
11.67223907887389,138,71,13,358,129,55,13,No,Good,Yes
7.6279272858006815,104,21,9,338,82,74,12,No,Bad,Yes
8.233238162778912,111,105,0,466,96,61,10,No,Bad,Yes
7.769646842484002,127,80,13,247,83,76,16,Yes,Bad,Yes
11.36556307715877,133,67,6,265,125,49,13,No,Good,Yes
6.214291091043819,147,52,15,146,150,57,16,No,Medium,Yes
9.754308932852108,135,73,6,349,129,50,13,No,Good,Yes
11.272855526614038,117,77,16,372,118,42,15,Yes,Good,Yes
8.316703601878526,115,96,4,134,84,55,11,Yes,Bad,No
6.655356883966167,126,33,0,293,109,78,12,Yes,Medium,No
7.12938087280727,143,31,3,214,161,47,15,Yes,Good,Yes
4.6371540455423945,112,37,5,469,96,56,11,No,Bad,No
5.204209970166902,130,61,0,45,110,44,14,Yes,Bad,No
3.852223621368828,108,77,3,485,105,60,14,No,Bad,No
5.063158543337985,121,44,4,481,105,55,12,No,Bad,No
6.171654145504922,134,47,4,494,134,37,14,No,Medium,No
3.9006202716184233,106,63,0,485,105,64,14,No,Medium,No
3.5639227035386623,118,72,13,495,140,67,10,No,Medium,No
8.558368063289901,116,78,1,159,99,46,11,Yes,Medium,Yes
4.3160237618416515,110,61,0,495,107,56,15,No,Medium,No
4.81315814537966,114,41,0,492,111,29,12,No,Medium,No
6.879351718891459,130,58,0,261,124,41,12,Yes,Medium,No
8.066760981195442,112,66,1,213,91,66,16,Yes,Medium,No
7.98630552519275,127,68,2,493,115,46,15,No,Medium,No
4.742350535291498,110,27,0,485,110,33,11,No,Medium,No
11.024984696242642,120,86,6,45,107,31,12,No,Medium,Yes
11.630736332780591,121,89,7,49,103,32,12,No,Medium,Yes
8.52196969411425,109,79,0,386,111,28,12,No,Medium,Yes
8.50042234087855,105,22,10,339,84,72,12,No,Bad,Yes
8.208845672360987,111,105,0,466,96,61,10,No,Bad,Yes
7.8183146728544965,127,81,12,245,83,75,16,Yes,Bad,Yes
11.132050074382077,131,67,5,268,124,49,13,No,Good,Yes
4.9637915102967645,143,56,11,141,150,55,14,No,Medium,Yes
10.037047707135937,136,73,7,350,129,50,13,No,Good,Yes
8.60360915881561,122,76,17,217,120,29,13,Yes,Medium,Yes
8.22659934478917,111,105,0,466,96,61,10,No,Bad,Yes
5.9346790739221165,138,58,10,323,130,44,13,Yes,Good,Yes
