Trip Id,Trip  Duration,Start Station Id,Start Time,Start Station Name,End Station Id,End Time,End Station Name,Bike Id,User Type
21497532,896,7536,05/13/2023 17:50,Palmerston Ave / Dundas St W,7131.0,05/13/2023 18:05,Taddle Creek Park,3650,Casual Member
21629567,260,7720,05/19/2023 17:00,,7176.0,05/19/2023 17:04,Bathurst St / Fort York Blvd,5888,Casual Member
21512825,2093,7354,05/14/2023 11:58,Tommy Thompson Park (Leslie Street Spit),7042.0,05/14/2023 12:33,Sherbourne St / Wellesley St E,1487,Casual Member
21398183,744,7245,05/09/2023 18:52,Tecumseth St / Queen St W - SMART,7206.0,05/09/2023 19:04,Claremont St / Dundas St W,5752,Casual Member
21864051,298,7600,05/29/2023 16:31,Russell St / Huron St - SMART,7002.0,05/29/2023 16:36,St. George St / Bloor St W,567,Casual Member
21700766,802,7321,05/23/2023 07:35,Front St W / University Ave (2),7007.0,05/23/2023 07:48,College St / Huron St,6521,Annual Member
21333942,1244,7640,05/06/2023 14:19,Spadina Rd / St.Clair Ave West,7770.0,05/06/2023 14:40,,4839,Casual Member
21573064,539,7207,05/16/2023 21:11,Dundas St W / Crawford St,7386.0,05/16/2023 21:20,D'Arcy St. /McCaul St. SMART,2271,Casual Member
21390108,463,7253,05/09/2023 13:59,John St  / Mercer St - SMART,7770.0,05/09/2023 14:06,,1473,Casual Member
21547370,3121,7027,05/15/2023 19:49,Beverley  St / Dundas St W,7242.0,05/15/2023 20:41,Lake Shore Blvd W / Ontario Dr,1791,Casual Member
21693127,202,7044,05/22/2023 18:35,Church St / Alexander St,7030.0,05/22/2023 18:38,Bay St / Wellesley St W,7332,Annual Member
21708940,507,7126,05/23/2023 14:56,Yonge St / Yorkville Ave,7041.0,05/23/2023 15:04,Edward St / Yonge St,7283,Casual Member
21763562,365,7118,05/25/2023 19:15,King St W / Bay St (East Side),7038.0,05/25/2023 19:21,Dundas St W / Yonge St,3735,Casual Member
21662093,1345,7473,05/21/2023 14:49,Adelaide St W / Strachan Ave,7222.0,05/21/2023 15:12,Sunnyside - Gus Ryder Pool,5576,Casual Member
21728817,310,7239,05/24/2023 10:38,Bloor St W / Manning Ave - SMART,7199.0,05/24/2023 10:43,College St / Markham St,997,Casual Member
21541272,1046,7103,05/15/2023 17:09,Jimmie Simpson Park (Queen St E),7033.0,05/15/2023 17:26,Union Station,3611,Casual Member
21678618,1294,7729,05/22/2023 08:54,,7029.0,05/22/2023 09:15,Bay St / Bloor St W (East Side),7118,Casual Member
21728927,640,7462,05/24/2023 10:49,Richmond St E / Yonge St,7037.0,05/24/2023 11:00,Bathurst St / Dundas St W,6795,Casual Member
21456087,448,7389,05/12/2023 09:05,College Park- Gerrard Entrance,7600.0,05/12/2023 09:12,Russell St / Huron St - SMART,7282,Casual Member
21702160,886,7059,05/23/2023 08:29,Front St W / Blue Jays Way,7021.0,05/23/2023 08:44,Bay St / Albert St,5729,Casual Member
21385492,645,7324,05/09/2023 08:53,King St W / Charlotte St (West Side),7193.0,05/09/2023 09:04,Queen St W / Gladstone Ave,6975,Casual Member
21790904,1714,7286,05/26/2023 20:57,Gerrard St E / Broadview - SMART,7463.0,05/26/2023 21:26,Adelaide St W / Brant St,1143,Casual Member
21568344,671,7277,05/16/2023 18:16,Chorley Park - SMART,7014.0,05/16/2023 18:27,Sherbourne St / Carlton St (Allan Gardens),728,Casual Member
21843084,315,7104,05/28/2023 17:58,King St E / River St,7356.0,05/28/2023 18:04,King St E / Ontario St.,1192,Annual Member
21496939,1055,7654,05/13/2023 17:35,Bloor St W / Pacific Ave,7289.0,05/13/2023 17:53,Humber Bay Shores Park East,7338,Annual Member
21812201,779,7757,05/27/2023 17:06,,7536.0,05/27/2023 17:19,Palmerston Ave / Dundas St W,702,Casual Member
21560440,290,7005,05/16/2023 13:33,King St W / York St,7324.0,05/16/2023 13:38,King St W / Charlotte St (West Side),7293,Casual Member
21276896,402,7772,05/03/2023 09:26,,7717.0,05/03/2023 09:32,,3799,Casual Member
21694145,1682,7175,05/22/2023 19:11,HTO Park (Queens Quay W),7175.0,05/22/2023 19:39,HTO Park (Queens Quay W),5283,Casual Member
21350548,415,7479,05/07/2023 01:43,Jane St / Bloor St W (Jane Subway Station),7425.0,05/07/2023 01:49,The Queensway at South Kingsway,6533,Casual Member
21624130,4732,7344,05/19/2023 12:59,Cherry Beach,7175.0,05/19/2023 14:18,HTO Park (Queens Quay W),1327,Casual Member
21398107,400,7131,05/09/2023 18:49,Taddle Creek Park,7130.0,05/09/2023 18:56,Davenport Rd / Bedford Rd,1189,Casual Member
21354464,419,7273,05/07/2023 11:03,Bay St / Charles St - SMART,7012.0,05/07/2023 11:10,Elizabeth St / Edward St (Bus Terminal),5913,Casual Member
21680121,628,7322,05/22/2023 11:06,King St W / Brant St,7147.0,05/22/2023 11:17,King St W / Fraser Ave,6587,Casual Member
21871658,329,7346,05/29/2023 19:40,Logan Av / Gerrard St E,7236.0,05/29/2023 19:45,Thompson St / Broadview Ave - SMART,2495,Casual Member
21913306,551,7687,05/31/2023 12:51,,7174.0,05/31/2023 13:00,Bloor St W / Dundas St W,7176,Casual Member
21866800,804,7068,05/29/2023 17:39,Blantyre Park,7365.0,05/29/2023 17:53,Kew Beach Ave / Kenilworth Ave,1647,Casual Member
21763175,490,7311,05/25/2023 19:03,Sherbourne St / Isabella St,7761.0,05/25/2023 19:11,,5183,Casual Member
21736124,2090,7625,05/24/2023 17:17,Yonge St / Lawrence Ave,7246.0,05/24/2023 17:52,Yonge St / Bloor St,5252,Casual Member
21492940,411,7409,05/13/2023 15:48,Isabella St / Church St,7384.0,05/13/2023 15:55,Cumberland Ave / Bay St SMART,558,Casual Member
21337210,686,7762,05/06/2023 15:44,,7126.0,05/06/2023 15:55,Yonge St / Yorkville Ave,6078,Casual Member
21921354,1349,7033,05/31/2023 17:46,Union Station,7197.0,05/31/2023 18:08,Queen St W / Dovercourt Rd,2455,Casual Member
21633102,838,7227,05/19/2023 18:47,Martin Goodman Trail (Marilyn Bell Park),7234.0,05/19/2023 19:01,Roncesvalles Ave / Marmaduke St,994,Casual Member
21423634,1126,7140,05/10/2023 20:26,Macpherson Ave / Spadina Rd,7721.0,05/10/2023 20:45,,3258,Casual Member
21546955,919,7757,05/15/2023 19:36,,7391.0,05/15/2023 19:51,Yonge St / Dundas Sq,689,Casual Member
21822824,1250,7533,05/27/2023 23:37,Housey St / Dan Leckie Way,7101.0,05/27/2023 23:58,Lower Sherbourne St / The Esplanade,1088,Casual Member
21507200,3161,7010,05/14/2023 01:49,King St W / Spadina Ave,7298.0,05/14/2023 02:42,Bathurst St / Adelaide St W,5690,Casual Member
21275348,508,7245,05/03/2023 06:47,Tecumseth St / Queen St W - SMART,7322.0,05/03/2023 06:55,King St W / Brant St,2932,Casual Member
21444105,2561,7605,05/11/2023 18:20,Lumsden Ave / Eastdale Ave,7605.0,05/11/2023 19:03,Lumsden Ave / Eastdale Ave,2762,Casual Member
21759240,314,7246,05/25/2023 17:21,Yonge St / Bloor St,7271.0,05/25/2023 17:27,Yonge St / Alexander St - SMART,1208,Casual Member
21850257,623,7333,05/28/2023 22:37,King St E / Victoria St,7356.0,05/28/2023 22:47,King St E / Ontario St.,2568,Casual Member
21276724,492,7237,05/03/2023 09:09,Ward Ave / Wallace Ave,7231.0,05/03/2023 09:17,Wright / Sorauren (Sorauren Park) - SMART,2528,Casual Member
21273694,2803,7570,05/02/2023 21:10,Carlaw Ave / Dundas St E,7135.0,05/02/2023 21:56,Hanna Ave / Liberty St,5435,Casual Member
21463493,117,7262,05/12/2023 15:36,Wychwood Ave / Benson Ave - SMART,7361.0,05/12/2023 15:38,Hocken Ave./Vaughan Rd.,2875,Casual Member
21389118,212,7522,05/09/2023 12:54,Wallace Ave / Pauline Ave,7180.0,05/09/2023 12:57,Lansdowne Subway Station,6311,Casual Member
21740120,764,7191,05/24/2023 18:57,Central Tech  (Harbord St),7324.0,05/24/2023 19:10,King St W / Charlotte St (West Side),5743,Annual Member
21738559,585,7050,05/24/2023 18:13,Richmond St E / Jarvis St Green P,7468.0,05/24/2023 18:23,Front St / Simcoe St,585,Casual Member
21689561,1425,7576,05/22/2023 16:43,Front St E / Bayview Avenue,7259.0,05/22/2023 17:07,Lower Spadina Ave / Lake Shore Blvd,4268,Casual Member
21305690,1572,7642,05/05/2023 07:51,Yonge St / St Clair Ave,7196.0,05/05/2023 08:17,Roxton Rd / Harbord St,957,Annual Member
21468729,616,7459,05/12/2023 17:55,St Clair Ave W / Winona Ave,7465.0,05/12/2023 18:05,Russell Hill Rd / St Clair Ave W,7051,Casual Member
21642606,176,7006,05/20/2023 15:26,Bay St / College St (East Side),7030.0,05/20/2023 15:29,Bay St / Wellesley St W,2339,Casual Member
21312606,1202,7027,05/05/2023 15:18,Beverley  St / Dundas St W,7130.0,05/05/2023 15:38,Davenport Rd / Bedford Rd,5432,Annual Member
21454482,1006,7005,05/12/2023 07:56,King St W / York St,7103.0,05/12/2023 08:13,Jimmie Simpson Park (Queen St E),1649,Casual Member
21924689,229,7489,05/31/2023 18:57,Sumach St  / Queen St E,7576.0,05/31/2023 19:01,Front St E / Bayview Avenue,4119,Casual Member
21551719,583,7272,05/16/2023 01:29,Yonge St / Dundonald St - SMART,7410.0,05/16/2023 01:39,Howard St / Rose Ave,1728,Casual Member
21561321,2155,7602,05/16/2023 14:30,Woodbine Ave / O'Connor Dr,7119.0,05/16/2023 15:06,Sumach St / Carlton St. (Riverdale Farm),1328,Casual Member
21633829,291,7230,05/19/2023 19:13,Garden Ave / Roncesvalles Ave,7688.0,05/19/2023 19:18,,1481,Casual Member
21614453,796,7038,05/18/2023 20:24,Dundas St W / Yonge St,7036.0,05/18/2023 20:38,Trinity St /Front St E,934,Casual Member
21317102,154,7006,05/05/2023 17:56,Bay St / College St (East Side),7026.0,05/05/2023 17:59,Bay St / St. Joseph St,4325,Casual Member
21472486,1087,7211,05/12/2023 19:36,Fort York Blvd / Garrison Rd,7248.0,05/12/2023 19:54,Baldwin Ave / Spadina Ave - SMART,3735,Casual Member
21363052,859,7233,05/08/2023 07:51,King / Cowan Ave - SMART,7468.0,05/08/2023 08:05,Front St / Simcoe St,2411,Casual Member
21718757,1259,7189,05/23/2023 19:48,Augusta Ave / Denison Sq,7273.0,05/23/2023 20:09,Bay St / Charles St - SMART,72,Casual Member
21572744,587,7267,05/16/2023 20:51,Dundas St E / Pembroke St - SMART,7241.0,05/16/2023 21:01,519 Church St - SMART,4841,Casual Member
21862353,382,7323,05/29/2023 15:29,457 King St. W. at Spadina,7175.0,05/29/2023 15:35,HTO Park (Queens Quay W),6981,Casual Member
21462396,674,7549,05/12/2023 14:46,439 Sherbourne St,7333.0,05/12/2023 14:57,King St E / Victoria St,1395,Casual Member
21474974,2136,7289,05/12/2023 21:22,Humber Bay Shores Park East,7654.0,05/12/2023 21:58,Bloor St W / Pacific Ave,5004,Casual Member
21550472,260,7007,05/15/2023 22:32,College St / Huron St,7217.0,05/15/2023 22:36,Soho St / Queen St W,2402,Casual Member
21320576,751,7259,05/05/2023 19:57,Lower Spadina Ave / Lake Shore Blvd,7257.0,05/05/2023 20:10,Dundas St W / St. Patrick St,2652,Annual Member
21670634,285,7203,05/21/2023 18:39,Bathurst St/Queens Quay(Billy Bishop Airport),7175.0,05/21/2023 18:44,HTO Park (Queens Quay W),5779,Casual Member
21542399,461,7199,05/15/2023 17:35,College St / Markham St,7235.0,05/15/2023 17:43,Bay St / College St (West Side) - SMART,6125,Casual Member
21388871,573,7687,05/09/2023 12:39,,7654.0,05/09/2023 12:49,Bloor St W / Pacific Ave,343,Casual Member
21915057,409,7267,05/31/2023 14:27,Dundas St E / Pembroke St - SMART,7356.0,05/31/2023 14:34,King St E / Ontario St.,356,Casual Member
21684175,857,7467,05/22/2023 14:01,Lower Simcoe St / Bremner Blvd,7171.0,05/22/2023 14:16,Ontario Place Blvd / Lake Shore Blvd W (East),4481,Casual Member
21743336,1351,7018,05/24/2023 21:11,Bremner Blvd / Rees St,7109.0,05/24/2023 21:34,Seaton St / Dundas St E - SMART,7016,Casual Member
21454915,1257,7321,05/12/2023 08:17,Front St W / University Ave (2),7030.0,05/12/2023 08:38,Bay St / Wellesley St W,3044,Casual Member
21446035,2519,7141,05/11/2023 19:12,Bridgeman Ave / Kendal Ave,7779.0,05/11/2023 19:54,,5032,Casual Member
21348798,92,7245,05/06/2023 22:43,Tecumseth St / Queen St W - SMART,7245.0,05/06/2023 22:45,Tecumseth St / Queen St W - SMART,974,Casual Member
21571056,265,7007,05/16/2023 19:38,College St / Huron St,7190.0,05/16/2023 19:43,St. George St / Hoskin Ave,5887,Casual Member
21874656,1180,7210,05/29/2023 21:36,Mary McCormick Rec Centre (Sheridan Ave),7123.0,05/29/2023 21:56,424 Wellington St W,4865,Casual Member
21716981,919,7419,05/23/2023 18:54,Bloor St W / Huron St,7203.0,05/23/2023 19:09,Bathurst St/Queens Quay(Billy Bishop Airport),2167,Casual Member
21255692,268,7657,05/01/2023 15:24,1 Market St - SMART,7052.0,05/01/2023 15:28,Wellington St W / Bay St,7206,Casual Member
21724365,290,7014,05/24/2023 06:54,Sherbourne St / Carlton St (Allan Gardens),7115.0,05/24/2023 06:59,Howard St / Sherbourne St,6414,Casual Member
21290818,1024,7027,05/04/2023 11:21,Beverley  St / Dundas St W,7073.0,05/04/2023 11:38,Spadina Ave / Fort York Blvd,1859,Annual Member
21593204,2207,7322,05/17/2023 20:30,King St W / Brant St,7076.0,05/17/2023 21:07,York St / Queens Quay W,2850,Casual Member
21487327,1348,7344,05/13/2023 13:21,Cherry Beach,7427.0,05/13/2023 13:44,Northern Dancer Blvd / Lake Shore Blvd E,4692,Casual Member
21576330,473,7251,05/17/2023 07:02,The Royal Ontario Museum (Bloor St Entrance),7012.0,05/17/2023 07:10,Elizabeth St / Edward St (Bus Terminal),1058,Annual Member
21328442,331,7483,05/06/2023 11:12,Southwood Dr / Kingston Rd - SMART,7315.0,05/06/2023 11:17,Queen St E / Hammersmith Ave,4563,Casual Member
21700992,706,7781,05/23/2023 07:44,,7766.0,05/23/2023 07:56,,4874,Casual Member
21463252,824,7153,05/12/2023 15:27,Bloor St W / Christie St,7032.0,05/12/2023 15:40,Augusta Ave / Dundas St W,1753,Casual Member
21424106,499,7323,05/10/2023 20:50,457 King St. W. at Spadina,7533.0,05/10/2023 20:58,Housey St / Dan Leckie Way,3883,Casual Member
