ï»¿Trip Id,Trip  Duration,Start Station Id,Start Time,Start Station Name,End Station Id,End Time,End Station Name,Bike Id,User Type
26475154,373,7033,12/08/2023 08:07,Union Station,7045.0,12/08/2023 08:13,Bond St / Queen St E,6133,Casual Member
26446413,443,7418,12/05/2023 21:04,College Park - Yonge St Entrance,7703.0,12/05/2023 21:11,,180,Casual Member
26406122,496,7287,12/02/2023 10:22,Queen St E / Pape Ave - SMART,7309.0,12/02/2023 10:30,Queen St. E / Rhodes Ave.,7309,Casual Member
26486013,1499,7686,12/08/2023 21:28,,7391.0,12/08/2023 21:53,Yonge St / Dundas Sq,4278,Casual Member
26549497,1037,7693,12/14/2023 10:57,,7069.0,12/14/2023 11:14,Queen St W / Spadina Ave,4091,Casual Member
26560323,536,7055,12/15/2023 08:39,Jarvis St / Carlton St,7126.0,12/15/2023 08:48,Yonge St / Yorkville Ave,1716,Casual Member
26612062,574,7260,12/20/2023 15:38,Spadina Ave / Adelaide St W,7366.0,12/20/2023 15:48,Fort York Blvd / Bathurst St SMART,7782,Casual Member
26514406,677,7089,12/11/2023 14:46,Church St  / Wood St,7462.0,12/11/2023 14:57,Richmond St E / Yonge St,2990,Casual Member
26506269,665,7178,12/10/2023 17:28,Dundas St W / Edna Ave,7367.0,12/10/2023 17:39,Alma Ave / Gladstone Ave SMART,6497,Casual Member
26579220,421,7248,12/16/2023 16:58,Baldwin Ave / Spadina Ave - SMART,7253.0,12/16/2023 17:05,John St  / Mercer St - SMART,2890,Casual Member
26454390,649,7475,12/06/2023 14:57,Jarvis St / Richmond St E,7020.0,12/06/2023 15:08,Phoebe St / Spadina Ave,2130,Casual Member
26657056,850,7599,12/27/2023 18:45,Richmond St W / York St,7216.0,12/27/2023 18:59,Wellington St W / Stafford St,6499,Casual Member
26648508,6028,7021,12/25/2023 17:59,Bay St / Albert St,7021.0,12/25/2023 19:39,Bay St / Albert St,1913,Casual Member
26453926,298,7762,12/06/2023 14:12,,7235.0,12/06/2023 14:17,Bay St / College St (West Side) - SMART,5533,Casual Member
26436310,783,7097,12/05/2023 08:27,Riverdale Park North (Broadview Ave),7452.0,12/05/2023 08:40,Bleecker St / St James Ave,3230,Casual Member
26413952,1720,7400,12/03/2023 00:23,Polson Pier,7693.0,12/03/2023 00:52,,1559,Casual Member
26449707,1302,7627,12/06/2023 08:32,Shaw St / Essex St - SMART,7467.0,12/06/2023 08:53,Lower Simcoe St / Bremner Blvd,5158,Casual Member
26623139,430,7687,12/21/2023 15:41,,7153.0,12/21/2023 15:48,Bloor St W / Christie St,6190,Casual Member
26471583,570,7768,12/07/2023 19:35,,7283.0,12/07/2023 19:44,Front St W / Bay St (South Side),5024,Casual Member
26427740,716,7047,12/04/2023 14:58,University Ave / Gerrard St W (East Side),7724.0,12/04/2023 15:10,,324,Casual Member
26511792,302,7025,12/11/2023 09:32,Ted Rogers Way / Bloor St E,7029.0,12/11/2023 09:37,Bay St / Bloor St W (East Side),1548,Casual Member
26456320,797,7332,12/06/2023 17:06,200 Bloor St. E.,7033.0,12/06/2023 17:19,Union Station,3459,Casual Member
26547452,1325,7287,12/14/2023 08:28,Queen St E / Pape Ave - SMART,7217.0,12/14/2023 08:50,Soho St / Queen St W,1548,Casual Member
26637433,1264,7351,12/23/2023 11:55,Pretoria Av / Broadview Av,7296.0,12/23/2023 12:16,Westmoreland Ave / Fernbank Ave,3081,Casual Member
26659338,276,7076,12/28/2023 10:57,York St / Queens Quay W,7118.0,12/28/2023 11:01,King St W / Bay St (East Side),7316,Casual Member
26504541,747,7100,12/10/2023 15:19,Dundas St E / Regent Park Blvd,7292.0,12/10/2023 15:31,Granby St / Church St - SMART,4240,Casual Member
26494899,267,7047,12/09/2023 16:20,University Ave / Gerrard St W (East Side),7007.0,12/09/2023 16:24,College St / Huron St,1232,Casual Member
26497735,692,7712,12/09/2023 19:39,,7196.0,12/09/2023 19:51,Roxton Rd / Harbord St,2807,Casual Member
26514244,620,7017,12/11/2023 14:31,Widmer St / Adelaide St W,7017.0,12/11/2023 14:41,Widmer St / Adelaide St W,1667,Casual Member
26489328,686,7267,12/09/2023 09:51,Dundas St E / Pembroke St - SMART,7008.0,12/09/2023 10:03,Wellesley St / Queen's Park Cres,627,Casual Member
26679340,471,7283,12/31/2023 13:06,Front St W / Bay St (South Side),7493.0,12/31/2023 13:14,Sackville St / Eastern Ave - SMART,7167,Casual Member
26450065,619,7536,12/06/2023 08:44,Palmerston Ave / Dundas St W,7022.0,12/06/2023 08:54,Simcoe St / Queen St W,1707,Casual Member
26455890,590,7035,12/06/2023 16:42,Queen St W / Ossington Ave,7770.0,12/06/2023 16:52,,4905,Casual Member
26579955,200,7252,12/16/2023 18:02,Robert St / Bloor St W - SMART,7191.0,12/16/2023 18:05,Central Tech  (Harbord St),5435,Casual Member
26602695,401,7027,12/19/2023 17:35,Beverley  St / Dundas St W,7049.0,12/19/2023 17:42,Queen St W / Portland St,650,Casual Member
26478521,1508,7530,12/08/2023 12:38,Sherbourne St N / Elm Ave,7015.0,12/08/2023 13:03,King St W / Bay St (West Side),5616,Casual Member
26586284,844,7291,12/17/2023 18:44,190 Queens Quay E,7542.0,12/17/2023 18:58,Queen St W / John St,5069,Casual Member
26468611,2047,7366,12/07/2023 17:04,Fort York Blvd / Bathurst St SMART,7229.0,12/07/2023 17:38,Dundas St W / Roncesvalles Green P - SMART,1432,Casual Member
26590369,1073,7757,12/18/2023 10:16,,7236.0,12/18/2023 10:34,Thompson St / Broadview Ave - SMART,4374,Casual Member
26543533,304,7391,12/13/2023 19:05,Yonge St / Dundas Sq,7050.0,12/13/2023 19:10,Richmond St E / Jarvis St Green P,5872,Casual Member
26606458,1404,7675,12/20/2023 06:32,1525 Dundas St,7048.0,12/20/2023 06:55,Front St W / Yonge St (Hockey Hall of Fame),5196,Casual Member
26601100,409,7006,12/19/2023 15:55,Bay St / College St (East Side),7126.0,12/19/2023 16:02,Yonge St / Yorkville Ave,4495,Casual Member
26626398,200,7100,12/21/2023 20:25,Dundas St E / Regent Park Blvd,7065.0,12/21/2023 20:28,Dundas St E / Parliament St,4440,Casual Member
26453101,605,7001,12/06/2023 12:47,Wellesley Station Green P,7285.0,12/06/2023 12:57,Spadina Ave / Harbord St - SMART,2597,Casual Member
26459349,1073,7063,12/06/2023 19:40,Queen's Park / Bloor St W,7105.0,12/06/2023 19:58,Queen St E / Sackville St,2931,Casual Member
26560753,488,7029,12/15/2023 09:02,Bay St / Bloor St W (East Side),7815.0,12/15/2023 09:10,,4436,Casual Member
26564557,1861,7798,12/15/2023 14:21,,7489.0,12/15/2023 14:52,Sumach St  / Queen St E,1194,Casual Member
26419863,724,7700,12/03/2023 17:31,,7362.0,12/03/2023 17:43,St Clair Ave W / Bathurst St.,6146,Casual Member
26489404,779,7387,12/09/2023 09:59,Mortimer Ave / Carlaw Ave SMART,7644.0,12/09/2023 10:12,East Lynn Ave / Danforth Ave,2740,Casual Member
26510873,785,7361,12/11/2023 08:37,Hocken Ave./Vaughan Rd.,7494.0,12/11/2023 08:50,Davenport Rd / McAlpine St - SMART,6989,Casual Member
26554616,738,7462,12/14/2023 17:47,Richmond St E / Yonge St,7100.0,12/14/2023 17:59,Dundas St E / Regent Park Blvd,2694,Casual Member
26396244,1479,7008,12/01/2023 03:31,Wellesley St / Queen's Park Cres,7795.0,12/01/2023 03:56,,3157,Casual Member
26636002,886,7065,12/23/2023 00:04,Dundas St E / Parliament St,7207.0,12/23/2023 00:19,Dundas St W / Crawford St,7437,Casual Member
26427200,807,7093,12/04/2023 13:52,Danforth Ave / Gough Ave,7119.0,12/04/2023 14:05,Sumach St / Carlton St. (Riverdale Farm),2746,Casual Member
26642636,196,7245,12/24/2023 13:08,Tecumseth St / Queen St W - SMART,7256.0,12/24/2023 13:11,Vanauley St / Queen St W - SMART,5463,Casual Member
26529301,278,7548,12/12/2023 17:46,St Joseph St / Bay St - SMART,7058.0,12/12/2023 17:51,Huron/ Harbord St,2072,Casual Member
26605325,1219,7398,12/19/2023 21:50,York St / Lakeshore St W - South,7668.0,12/19/2023 22:10,Simcoe St / Dundas St W - SMART,2616,Casual Member
26678695,590,7036,12/31/2023 11:37,Trinity St /Front St E,7475.0,12/31/2023 11:47,Jarvis St / Richmond St E,1961,Casual Member
26411466,234,7311,12/02/2023 17:57,Sherbourne St / Isabella St,7031.0,12/02/2023 18:01,Jarvis St / Isabella St,1298,Casual Member
26468350,937,7366,12/07/2023 16:49,Fort York Blvd / Bathurst St SMART,7168.0,12/07/2023 17:05,Queens Quay / Yonge St,6328,Casual Member
26630767,596,7543,12/22/2023 13:23,Nassau St / Bellevue Ave,7249.0,12/22/2023 13:33,Dovercourt Rd / Harrison St (Green P) - SMART,1406,Casual Member
26543739,368,7180,12/13/2023 19:21,Lansdowne Subway Station,7231.0,12/13/2023 19:27,Wright / Sorauren (Sorauren Park) - SMART,2073,Casual Member
26614839,320,7686,12/20/2023 18:13,,7013.0,12/20/2023 18:18,Scott St / The Esplanade,3437,Casual Member
26643718,736,7197,12/24/2023 15:22,Queen St W / Dovercourt Rd,7770.0,12/24/2023 15:35,,4446,Casual Member
26503253,703,7542,12/10/2023 13:49,Queen St W / John St,7006.0,12/10/2023 14:01,Bay St / College St (East Side),3514,Casual Member
26581045,193,7028,12/16/2023 19:49,Gould St / Mutual St,7292.0,12/16/2023 19:52,Granby St / Church St - SMART,5060,Casual Member
26586257,648,7203,12/17/2023 18:38,Bathurst St/Queens Quay(Billy Bishop Airport),7260.0,12/17/2023 18:49,Spadina Ave / Adelaide St W,2638,Casual Member
26531548,998,7687,12/12/2023 20:22,,7260.0,12/12/2023 20:39,Spadina Ave / Adelaide St W,1696,Casual Member
26620887,119,7391,12/21/2023 11:31,Yonge St / Dundas Sq,7660.0,12/21/2023 11:33,285 Victoria St,4854,Casual Member
26598938,1075,7508,12/19/2023 11:48,Berkeley St / Dundas St E - SMART,7102.0,12/19/2023 12:06,Nelson St / Duncan St,5641,Casual Member
26586938,440,7280,12/17/2023 21:01,Charles St E / Jarvis St - SMART,7899.0,12/17/2023 21:08,,1125,Casual Member
26666686,459,7770,12/29/2023 13:48,,7189.0,12/29/2023 13:56,Augusta Ave / Denison Sq,2625,Casual Member
26564992,697,7007,12/15/2023 14:49,College St / Huron St,7001.0,12/15/2023 15:01,Wellesley Station Green P,5714,Casual Member
26594773,336,7152,12/18/2023 19:14,Ossington Ave / Bloor St W,7656.0,12/18/2023 19:19,Bloor St W / Brock Ave,2955,Casual Member
26518822,135,7322,12/11/2023 19:49,King St W / Brant St,7523.0,12/11/2023 19:52,Lynn Williams St / East Liberty St - SMART,5372,Casual Member
26460701,1275,7822,12/06/2023 22:16,,7505.0,12/06/2023 22:38,Ontario St / Adelaide St E -SMART,1240,Casual Member
26567694,2225,7269,12/15/2023 17:13,Toronto Eaton Centre (Yonge St),7169.0,12/15/2023 17:51,Front St W / Bay St (North Side),1901,Casual Member
26434968,173,7757,12/05/2023 06:48,,7720.0,12/05/2023 06:51,,3545,Casual Member
26536033,280,7014,12/13/2023 09:20,Sherbourne St / Carlton St (Allan Gardens),7163.0,12/13/2023 09:25,Yonge St / Wood St,5780,Casual Member
26588107,368,7273,12/18/2023 06:44,Bay St / Charles St - SMART,7038.0,12/18/2023 06:50,Dundas St W / Yonge St,3683,Casual Member
26433126,632,7285,12/04/2023 21:06,Spadina Ave / Harbord St - SMART,7206.0,12/04/2023 21:17,Claremont St / Dundas St W,2590,Casual Member
26420352,530,7721,12/03/2023 18:29,,7721.0,12/03/2023 18:38,,5155,Casual Member
26635078,220,7046,12/22/2023 20:15,Niagara St / Richmond St W,7049.0,12/22/2023 20:19,Queen St W / Portland St,2643,Casual Member
26412119,850,7027,12/02/2023 19:09,Beverley  St / Dundas St W,7204.0,12/02/2023 19:23,College St / Crawford St,2046,Casual Member
26606796,897,7148,12/20/2023 07:28,King St W / Joe Shuster Way,7366.0,12/20/2023 07:43,Fort York Blvd / Bathurst St SMART,2172,Casual Member
26450061,678,7312,12/06/2023 08:44,Amelia St. / Sumach St.,7462.0,12/06/2023 08:55,Richmond St E / Yonge St,3230,Casual Member
26680286,458,7108,12/31/2023 14:57,Front St E / Cherry St,7048.0,12/31/2023 15:05,Front St W / Yonge St (Hockey Hall of Fame),2686,Casual Member
26530121,671,7028,12/12/2023 18:28,Gould St / Mutual St,7246.0,12/12/2023 18:39,Yonge St / Bloor St,2653,Casual Member
26607057,1123,7420,12/20/2023 07:58,Barton St / Howland St - SMART,7015.0,12/20/2023 08:17,King St W / Bay St (West Side),589,Casual Member
26550073,307,7540,12/14/2023 12:01,Alvin Ave / St Clair Ave E,7133.0,12/14/2023 12:06,Summerhill Station,3012,Casual Member
26440179,849,7810,12/05/2023 13:32,,7720.0,12/05/2023 13:46,,6053,Casual Member
26419798,264,7114,12/03/2023 17:23,Carlton St / Parliament St,7120.0,12/03/2023 17:27,Gerrard St E / River St,4861,Casual Member
26617723,669,7199,12/20/2023 23:50,College St / Markham St,7524.0,12/21/2023 00:01,Lisgar Park,544,Casual Member
26441597,2486,7163,12/05/2023 15:51,Yonge St / Wood St,7399.0,12/05/2023 16:32,Lower Jarvis / Queens Quay E,5333,Casual Member
26444645,479,7022,12/05/2023 18:31,Simcoe St / Queen St W,7250.0,12/05/2023 18:39,St. George St / Russell St - SMART,2415,Casual Member
26536152,1874,7373,12/13/2023 09:29,George St / King St E,7432.0,12/13/2023 10:00,Frederick St / King St E,4103,Casual Member
26495627,252,7350,12/09/2023 17:02,Broadview Ave / Westwood Ave,7351.0,12/09/2023 17:07,Pretoria Av / Broadview Av,2777,Casual Member
26631099,588,7475,12/22/2023 13:53,Jarvis St / Richmond St E,7217.0,12/22/2023 14:03,Soho St / Queen St W,945,Casual Member
26672288,2057,7019,12/30/2023 12:13,Temperance St. Station,7467.0,12/30/2023 12:47,Lower Simcoe St / Bremner Blvd,1320,Casual Member
26530753,1083,7693,12/12/2023 19:07,,7721.0,12/12/2023 19:25,,3889,Casual Member
