ï»¿Trip Id,Trip  Duration,Start Station Id,Start Time,Start Station Name,End Station Id,End Time,End Station Name,Bike Id,User Type
20481863,1052,7250,02/16/2023 18:55,St. George St / Russell St - SMART,7366.0,02/16/2023 19:13,Fort York Blvd / Bathurst St SMART,2190,Casual Member
20485685,124,7250,02/17/2023 14:05,St. George St / Russell St - SMART,7190.0,02/17/2023 14:08,St. George St / Hoskin Ave,6587,Casual Member
20516978,223,7322,02/21/2023 07:32,King St W / Brant St,7160.0,02/21/2023 07:35,King St W / Tecumseth St,5640,Annual Member
20501450,1424,7524,02/19/2023 14:14,Lisgar Park,7242.0,02/19/2023 14:38,Lake Shore Blvd W / Ontario Dr,2423,Casual Member
20418674,608,7418,02/10/2023 15:14,College Park - Yonge St Entrance,7170.0,02/10/2023 15:24,Spadina Ave / Willcocks St,152,Casual Member
20425390,216,7264,02/11/2023 12:20,Bloor St E / Huntley St - SMART,7409.0,02/11/2023 12:23,Isabella St / Church St,3838,Annual Member
20421779,511,7037,02/10/2023 19:17,Bathurst St / Dundas St W,7012.0,02/10/2023 19:26,Elizabeth St / Edward St (Bus Terminal),3421,Casual Member
20534939,1063,7164,02/24/2023 20:40,Gould St / Yonge St (Ryerson University),7724.0,02/24/2023 20:58,,5611,Casual Member
20466443,1425,7534,02/15/2023 12:44,Walnut Ave / Queen St W,7338.0,02/15/2023 13:08,Logan Ave / Bain Ave,7018,Casual Member
20364871,735,7287,02/02/2023 13:24,Queen St E / Pape Ave - SMART,7100.0,02/02/2023 13:37,Dundas St E / Regent Park Blvd,5828,Casual Member
20423998,131,7090,02/11/2023 08:12,Danforth Ave / Lamb Ave,7706.0,02/11/2023 08:14,,6123,Casual Member
20484418,91,7250,02/17/2023 10:51,St. George St / Russell St - SMART,7161.0,02/17/2023 10:53,Beverley St / College St,2387,Casual Member
20509367,372,7251,02/20/2023 12:25,The Royal Ontario Museum (Bloor St Entrance),7062.0,02/20/2023 12:31,University Ave / College St (West),2545,Casual Member
20405549,548,7069,02/08/2023 17:04,Queen St W / Spadina Ave,7207.0,02/08/2023 17:13,Dundas St W / Crawford St,3809,Casual Member
20488095,1764,7127,02/17/2023 18:15,Bay St / Scollard St,7216.0,02/17/2023 18:45,Wellington St W / Stafford St,2255,Casual Member
20447619,312,7123,02/13/2023 17:42,424 Wellington St W,7533.0,02/13/2023 17:47,Housey St / Dan Leckie Way,660,Casual Member
20461460,481,7523,02/14/2023 21:07,Lynn Williams St / East Liberty St - SMART,7046.0,02/14/2023 21:15,Niagara St / Richmond St W,265,Casual Member
20519346,313,7005,02/21/2023 12:18,King St W / York St,7076.0,02/21/2023 12:23,York St / Queens Quay W,461,Casual Member
20387297,280,7719,02/06/2023 17:41,,7720.0,02/06/2023 17:46,,5765,Casual Member
20534488,659,7102,02/24/2023 18:51,Nelson St / Duncan St,7375.0,02/24/2023 19:02,Front St E / Scott St,6391,Casual Member
20552250,510,7463,02/28/2023 17:53,Adelaide St W / Brant St,7284.0,02/28/2023 18:02,University Ave / King St W - SMART,649,Annual Member
20364100,1894,7666,02/02/2023 11:32,Dundas St W / St Helen Ave - SMART,7275.0,02/02/2023 12:03,Queen St W / James St,3259,Casual Member
20490718,519,7006,02/18/2023 08:52,Bay St / College St (East Side),7034.0,02/18/2023 09:01,Church St / Bloor St E,397,Casual Member
20461148,1870,7406,02/14/2023 20:25,Victoria St / Queen St E,7271.0,02/14/2023 20:56,Yonge St / Alexander St - SMART,7136,Casual Member
20484843,528,7570,02/17/2023 12:09,Carlaw Ave / Dundas St E,7689.0,02/17/2023 12:18,,6990,Annual Member
20438680,1099,7463,02/12/2023 18:06,Adelaide St W / Brant St,7323.0,02/12/2023 18:24,457 King St. W. at Spadina,7212,Casual Member
20502289,750,7389,02/19/2023 15:13,College Park- Gerrard Entrance,7463.0,02/19/2023 15:26,Adelaide St W / Brant St,3584,Casual Member
20545832,944,7357,02/27/2023 11:16,Lake Shore Blvd E / Leslie St,7339.0,02/27/2023 11:32,Carlaw Ave / Strathcona Ave,7184,Casual Member
20542212,1031,7250,02/26/2023 17:21,St. George St / Russell St - SMART,7126.0,02/26/2023 17:38,Yonge St / Yorkville Ave,2709,Casual Member
20426138,859,7198,02/11/2023 13:38,Queen St W / Cowan Ave,7297.0,02/11/2023 13:52,Havelock St / Dufferin Park,6376,Casual Member
20481648,558,7437,02/16/2023 18:29,Concord Ave / Bloor St W,7174.0,02/16/2023 18:38,Bloor St W / Dundas St W,1946,Casual Member
20522532,431,7033,02/21/2023 17:49,Union Station,7356.0,02/21/2023 17:56,King St E / Ontario St.,2253,Annual Member
20448315,328,7006,02/13/2023 18:26,Bay St / College St (East Side),7029.0,02/13/2023 18:32,Bay St / Bloor St W (East Side),2993,Casual Member
20548016,262,7190,02/27/2023 17:22,St. George St / Hoskin Ave,7002.0,02/27/2023 17:27,St. George St / Bloor St W,4607,Casual Member
20481279,1292,7488,02/16/2023 17:53,Summerhill Ave / Maclennan Ave,7530.0,02/16/2023 18:15,Sherbourne St N / Elm Ave,3842,Casual Member
20379847,573,7322,02/05/2023 17:17,King St W / Brant St,7719.0,02/05/2023 17:27,,181,Casual Member
20355279,1658,7025,02/01/2023 07:11,Ted Rogers Way / Bloor St E,7054.0,02/01/2023 07:38,Navy Wharf Ct. / Bremner Blvd.,3286,Casual Member
20497484,411,7685,02/18/2023 22:44,,7102.0,02/18/2023 22:50,Nelson St / Duncan St,2555,Casual Member
20362859,684,7143,02/02/2023 08:29,Kendal Ave / Bernard Ave,7547.0,02/02/2023 08:40,Orde St / McCaul St,3807,Casual Member
20444813,2384,7416,02/13/2023 13:49,Spadina Ave / Blue Jays Way,7719.0,02/13/2023 14:28,,7147,Casual Member
20468719,371,7388,02/15/2023 16:30,Broadview Ave / Danforth Ave,7093.0,02/15/2023 16:36,Danforth Ave / Gough Ave,4662,Annual Member
20376311,460,7054,02/05/2023 08:47,Navy Wharf Ct. / Bremner Blvd.,7545.0,02/05/2023 08:55,Baldwin St / Henry St,3922,Casual Member
20417103,1375,7389,02/10/2023 12:16,College Park- Gerrard Entrance,7026.0,02/10/2023 12:39,Bay St / St. Joseph St,1826,Casual Member
20365157,15103,7006,02/02/2023 14:05,Bay St / College St (East Side),7468.0,02/02/2023 18:17,Front St / Simcoe St,1229,Casual Member
20528931,118,7608,02/22/2023 15:56,Wilket Creek Park,7609.0,02/22/2023 15:58,Sunnybrook Park,5333,Casual Member
20527629,539,7061,02/22/2023 11:43,Dalton Rd / Bloor St W,7235.0,02/22/2023 11:52,Bay St / College St (West Side) - SMART,1825,Casual Member
20369577,355,7323,02/03/2023 07:20,457 King St. W. at Spadina,7118.0,02/03/2023 07:26,King St W / Bay St (East Side),1602,Annual Member
20396683,583,7151,02/07/2023 18:22,Essex St / Christie St - SMART,7360.0,02/07/2023 18:32,Concord Av / Dewson St,4987,Casual Member
20371623,211,7250,02/03/2023 16:58,St. George St / Russell St - SMART,7457.0,02/03/2023 17:02,Queen's Park Cres W / Hoskin Ave,4287,Casual Member
20487098,816,7150,02/17/2023 16:46,Dufferin St / Sylvan Av (Dufferin Grove Park),7143.0,02/17/2023 16:59,Kendal Ave / Bernard Ave,1610,Annual Member
20437397,362,7707,02/12/2023 16:35,,7000.0,02/12/2023 16:41,Fort York  Blvd / Capreol Ct,1151,Annual Member
20514018,772,7000,02/20/2023 17:53,Fort York  Blvd / Capreol Ct,7202.0,02/20/2023 18:06,Queen St W / York St (City Hall),3161,Annual Member
20386435,1564,7587,02/06/2023 16:34,Dufferin St / Finch Hydro Recreational Trail,7585.0,02/06/2023 17:00,Sentinel Rd / Finch Hydro Corridor,2683,Casual Member
20471426,588,7418,02/15/2023 18:43,College Park - Yonge St Entrance,7577.0,02/15/2023 18:53,Oak St / Sumach St,6584,Casual Member
20462089,615,7022,02/14/2023 23:00,Simcoe St / Queen St W,7199.0,02/14/2023 23:10,College St / Markham St,6289,Annual Member
20400656,967,7341,02/08/2023 08:38,Eastern Ave / Winnifred Ave,7261.0,02/08/2023 08:54,Queens Quay E / Lower Sherbourne St,5300,Annual Member
20402239,1839,7031,02/08/2023 11:25,Jarvis St / Isabella St,7494.0,02/08/2023 11:56,Davenport Rd / McAlpine St - SMART,7106,Casual Member
20456110,201,7256,02/14/2023 14:57,Vanauley St / Queen St W - SMART,7245.0,02/14/2023 15:00,Tecumseth St / Queen St W - SMART,2549,Annual Member
20477018,439,7422,02/16/2023 10:46,Tyndall Ave / King St W - SMART,7035.0,02/16/2023 10:54,Queen St W / Ossington Ave,3198,Annual Member
20553504,1440,7005,02/28/2023 20:05,King St W / York St,7599.0,02/28/2023 20:29,Richmond St W / York St,4432,Casual Member
20542469,3387,7221,02/26/2023 17:53,High Park Subway Station,7289.0,02/26/2023 18:50,Humber Bay Shores Park East,1519,Casual Member
20409350,660,7362,02/08/2023 23:03,St Clair Ave W / Bathurst St.,7519.0,02/08/2023 23:14,406 Oakwood Ave,5378,Casual Member
20452031,515,7074,02/14/2023 08:24,King St E / Church St,7324.0,02/14/2023 08:32,King St W / Charlotte St (West Side),5516,Annual Member
20554191,1298,7160,02/28/2023 21:56,King St W / Tecumseth St,7135.0,02/28/2023 22:17,Hanna Ave / Liberty St,7075,Casual Member
20410213,1078,7156,02/09/2023 07:53,Salem Ave / Bloor St W,7190.0,02/09/2023 08:11,St. George St / Hoskin Ave,2937,Annual Member
20425550,181,7285,02/11/2023 12:36,Spadina Ave / Harbord St - SMART,7061.0,02/11/2023 12:39,Dalton Rd / Bloor St W,2620,Casual Member
20368456,803,7184,02/02/2023 20:12,Ossington Ave / College St,7687.0,02/02/2023 20:26,,5732,Casual Member
20365644,202,7536,02/02/2023 15:18,Palmerston Ave / Dundas St W,7491.0,02/02/2023 15:21,D'Arcy St / Spadina Ave - SMART,4828,Casual Member
20544527,965,7191,02/27/2023 07:56,Central Tech  (Harbord St),7006.0,02/27/2023 08:12,Bay St / College St (East Side),1719,Casual Member
20523926,290,7216,02/21/2023 19:51,Wellington St W / Stafford St,7010.0,02/21/2023 19:56,King St W / Spadina Ave,2618,Annual Member
20551265,1173,7012,02/28/2023 16:19,Elizabeth St / Edward St (Bus Terminal),7243.0,02/28/2023 16:39,Exhibition GO Station,7019,Casual Member
20464015,356,7271,02/15/2023 08:37,Yonge St / Alexander St - SMART,7462.0,02/15/2023 08:43,Richmond St E / Yonge St,6002,Annual Member
20468017,580,7322,02/15/2023 15:35,King St W / Brant St,7206.0,02/15/2023 15:45,Claremont St / Dundas St W,5749,Casual Member
20547748,923,7632,02/27/2023 16:39,Chiltern Hill Rd / Eglinton Ave W,7151.0,02/27/2023 16:54,Essex St / Christie St - SMART,1103,Casual Member
20414362,288,7046,02/10/2023 05:52,Niagara St / Richmond St W,7260.0,02/10/2023 05:57,Spadina Ave / Adelaide St W,1190,Casual Member
20499032,589,7389,02/19/2023 10:20,College Park- Gerrard Entrance,7419.0,02/19/2023 10:29,Bloor St W / Huron St,4905,Annual Member
20538161,1261,7195,02/25/2023 20:53,Ulster St / Bathurst St,7065.0,02/25/2023 21:14,Dundas St E / Parliament St,6977,Casual Member
20361729,449,7725,02/01/2023 22:53,,7140.0,02/01/2023 23:01,Macpherson Ave / Spadina Rd,4230,Casual Member
20404705,135,7090,02/08/2023 16:09,Danforth Ave / Lamb Ave,7706.0,02/08/2023 16:11,,6015,Casual Member
20511311,1078,7487,02/20/2023 14:45,Eastwood Rd / Woodbine Ave - SMART,7354.0,02/20/2023 15:03,Tommy Thompson Park (Leslie Street Spit),5734,Casual Member
20424528,1703,7158,02/11/2023 10:14,King St W / Stafford St,7160.0,02/11/2023 10:42,King St W / Tecumseth St,5612,Casual Member
20447954,500,7311,02/13/2023 18:03,Sherbourne St / Isabella St,7418.0,02/13/2023 18:11,College Park - Yonge St Entrance,2567,Annual Member
20440217,439,7263,02/12/2023 21:48,Walton St / Elizabeth St - SMART,7126.0,02/12/2023 21:55,Yonge St / Yorkville Ave,5530,Casual Member
20497822,572,7000,02/19/2023 00:19,Fort York  Blvd / Capreol Ct,7048.0,02/19/2023 00:29,Front St W / Yonge St (Hockey Hall of Fame),254,Annual Member
20385490,204,7028,02/06/2023 14:42,Gould St / Mutual St,7472.0,02/06/2023 14:46,Dundas St E / Victoria St,7013,Casual Member
20358842,395,7271,02/01/2023 16:19,Yonge St / Alexander St - SMART,7648.0,02/01/2023 16:25,909 Yonge St,4402,Annual Member
20356197,853,7686,02/01/2023 09:08,,7071.0,02/01/2023 09:23,161 Bleecker St (South of Wellesley),5832,Casual Member
20549103,883,7506,02/28/2023 08:57,Berkeley St / Adelaide St E - SMART,7668.0,02/28/2023 09:12,Simcoe St / Dundas St W - SMART,7026,Casual Member
20518590,473,7328,02/21/2023 10:09,Roxborough St W / Yonge St,7359.0,02/21/2023 10:17,Rosedale Park (20 Schofield Ave),1874,Annual Member
20511499,1623,7104,02/20/2023 14:57,King St E / River St,7194.0,02/20/2023 15:24,Mortimer Ave / Coxwell Ave,6968,Casual Member
20541962,450,7462,02/26/2023 16:44,Richmond St E / Yonge St,7683.0,02/26/2023 16:51,,4893,Casual Member
20377452,2015,7469,02/05/2023 12:35,Wellington St W / York St,7000.0,02/05/2023 13:09,Fort York  Blvd / Capreol Ct,1236,Casual Member
20437444,1688,7454,02/12/2023 16:38,Pottery Rd / Lower Don River Trail,7455.0,02/12/2023 17:06,E.T. Seton Park (Eglinton Ave E / Leslie St),6216,Casual Member
20429455,1207,7625,02/11/2023 18:36,Yonge St / Lawrence Ave,7648.0,02/11/2023 18:57,909 Yonge St,6126,Casual Member
20553003,795,7281,02/28/2023 19:05,Charles St W / Balmuto St - SMART,7250.0,02/28/2023 19:18,St. George St / Russell St - SMART,3569,Annual Member
20533722,155,7149,02/24/2023 16:43,Yarmouth Rd / Christie St,7153.0,02/24/2023 16:45,Bloor St W / Christie St,504,Casual Member
20503510,1005,7018,02/19/2023 16:53,Bremner Blvd / Rees St,7207.0,02/19/2023 17:10,Dundas St W / Crawford St,502,Annual Member
20458130,249,7286,02/14/2023 17:12,Gerrard St E / Broadview - SMART,7702.0,02/14/2023 17:16,,5161,Casual Member
20476744,827,7217,02/16/2023 10:14,Soho St / Queen St W,7548.0,02/16/2023 10:28,St Joseph St / Bay St - SMART,3813,Casual Member
20466036,526,7311,02/15/2023 11:58,Sherbourne St / Isabella St,7038.0,02/15/2023 12:07,Dundas St W / Yonge St,2067,Casual Member
