ï»¿Trip Id,Trip  Duration,Start Station Id,Start Time,Start Station Name,End Station Id,End Time,End Station Name,Bike Id,User Type
20252787,611,7248,01/16/2023 17:29,Baldwin Ave / Spadina Ave - SMART,7416.0,01/16/2023 17:39,Spadina Ave / Blue Jays Way,5979,Casual Member
20153169,561,7551,01/01/2023 23:44,The Esplanade / Hahn Pl,7076.0,01/01/2023 23:53,York St / Queens Quay W,5510,Casual Member
20195769,586,7104,01/08/2023 09:13,King St E / River St,7048.0,01/08/2023 09:22,Front St W / Yonge St (Hockey Hall of Fame),5007,Annual Member
20334747,573,7069,01/28/2023 16:22,Queen St W / Spadina Ave,7078.0,01/28/2023 16:32,College St / Major St,6371,Casual Member
20215317,908,7279,01/10/2023 17:42,Rosehill Ave / Avoca Ave - SMART,7250.0,01/10/2023 17:57,St. George St / Russell St - SMART,4094,Casual Member
20333909,283,7458,01/28/2023 14:32,Church St / Lombard St,7505.0,01/28/2023 14:37,Ontario St / Adelaide St E -SMART,3922,Annual Member
20210545,625,7321,01/10/2023 08:51,Front St W / University Ave (2),7161.0,01/10/2023 09:01,Beverley St / College St,6421,Annual Member
20154113,1042,7410,01/02/2023 09:30,Howard St / Rose Ave,7202.0,01/02/2023 09:47,Queen St W / York St (City Hall),2665,Casual Member
20349377,890,7075,01/31/2023 09:36,Queens Quay W / Dan Leckie Way,7202.0,01/31/2023 09:51,Queen St W / York St (City Hall),516,Casual Member
20222780,648,7089,01/11/2023 16:29,Church St  / Wood St,7542.0,01/11/2023 16:40,Queen St W / John St,4168,Casual Member
20178184,344,7398,01/05/2023 20:12,York St / Lakeshore St W - South,7054.0,01/05/2023 20:17,Navy Wharf Ct. / Bremner Blvd.,2937,Annual Member
20258446,573,7274,01/17/2023 14:43,Queen's Park Cres E / Grosvenor St - SMART,7256.0,01/17/2023 14:53,Vanauley St / Queen St W - SMART,5074,Casual Member
20337376,1780,7069,01/29/2023 00:44,Queen St W / Spadina Ave,7101.0,01/29/2023 01:13,Lower Sherbourne St / The Esplanade,1879,Casual Member
20322744,596,7178,01/26/2023 16:13,Dundas St W / Edna Ave,7210.0,01/26/2023 16:23,Mary McCormick Rec Centre (Sheridan Ave),5459,Casual Member
20189533,1619,7491,01/07/2023 11:20,D'Arcy St / Spadina Ave - SMART,7271.0,01/07/2023 11:47,Yonge St / Alexander St - SMART,7178,Casual Member
20261274,272,7263,01/17/2023 19:59,Walton St / Elizabeth St - SMART,7021.0,01/17/2023 20:03,Bay St / Albert St,5263,Casual Member
20174669,1405,7375,01/05/2023 13:38,Front St E / Scott St,7492.0,01/05/2023 14:02,324 Cherry St,7001,Casual Member
20196456,578,7066,01/08/2023 11:30,Willcocks St / St. George St,7719.0,01/08/2023 11:40,,7260,Casual Member
20319029,1171,7522,01/25/2023 09:59,Wallace Ave / Pauline Ave,7285.0,01/25/2023 10:19,Spadina Ave / Harbord St - SMART,3477,Annual Member
20237793,358,7058,01/14/2023 08:39,Huron/ Harbord St,7027.0,01/14/2023 08:45,Beverley  St / Dundas St W,828,Casual Member
20263802,541,7130,01/18/2023 08:40,Davenport Rd / Bedford Rd,7264.0,01/18/2023 08:49,Bloor St E / Huntley St - SMART,1479,Casual Member
20154355,257,7192,01/02/2023 10:24,Harbord St / Clinton St,7209.0,01/02/2023 10:28,Ossington Ave / Harrison St,6741,Casual Member
20350320,793,7120,01/31/2023 12:48,Gerrard St E / River St,7029.0,01/31/2023 13:01,Bay St / Bloor St W (East Side),5159,Annual Member
20278921,514,7100,01/20/2023 01:32,Dundas St E / Regent Park Blvd,7549.0,01/20/2023 01:41,439 Sherbourne St,6512,Annual Member
20186276,987,7037,01/06/2023 19:53,Bathurst St / Dundas St W,7054.0,01/06/2023 20:09,Navy Wharf Ct. / Bremner Blvd.,6476,Annual Member
20319032,1092,7332,01/25/2023 09:59,200 Bloor St. E.,7261.0,01/25/2023 10:17,Queens Quay E / Lower Sherbourne St,1393,Casual Member
20347368,1043,7337,01/30/2023 21:49,Gerrard Square Mall (1010 Gerrard St E),7693.0,01/30/2023 22:06,,2780,Casual Member
20229273,376,7257,01/12/2023 13:10,Dundas St W / St. Patrick St,7164.0,01/12/2023 13:16,Gould St / Yonge St (Ryerson University),3540,Annual Member
20278284,530,7152,01/19/2023 21:36,Ossington Ave / Bloor St W,7061.0,01/19/2023 21:45,Dalton Rd / Bloor St W,512,Casual Member
20332570,391,7245,01/28/2023 11:13,Tecumseth St / Queen St W - SMART,7712.0,01/28/2023 11:19,,4791,Annual Member
20290526,474,7462,01/21/2023 13:11,Richmond St E / Yonge St,7545.0,01/21/2023 13:19,Baldwin St / Henry St,2603,Annual Member
20327996,976,7384,01/27/2023 14:58,Cumberland Ave / Bay St SMART,7536.0,01/27/2023 15:14,Palmerston Ave / Dundas St W,1999,Casual Member
20298967,561,7199,01/22/2023 16:43,College St / Markham St,7155.0,01/22/2023 16:52,Bathurst St / Lennox St,2690,Annual Member
20205998,414,7285,01/09/2023 16:57,Spadina Ave / Harbord St - SMART,7006.0,01/09/2023 17:04,Bay St / College St (East Side),6084,Casual Member
20205795,722,7547,01/09/2023 16:39,Orde St / McCaul St,7252.0,01/09/2023 16:51,Robert St / Bloor St W - SMART,5374,Casual Member
20286542,582,7271,01/20/2023 20:14,Yonge St / Alexander St - SMART,7693.0,01/20/2023 20:23,,1387,Casual Member
20171949,283,7046,01/05/2023 06:25,Niagara St / Richmond St W,7035.0,01/05/2023 06:29,Queen St W / Ossington Ave,3473,Casual Member
20306270,550,7656,01/23/2023 19:28,Bloor St W / Brock Ave,7061.0,01/23/2023 19:37,Dalton Rd / Bloor St W,5533,Casual Member
20300272,1026,7409,01/23/2023 04:31,Isabella St / Church St,7720.0,01/23/2023 04:48,,5189,Casual Member
20289704,362,7164,01/21/2023 11:44,Gould St / Yonge St (Ryerson University),7475.0,01/21/2023 11:50,Jarvis St / Richmond St E,1905,Casual Member
20335040,528,7373,01/28/2023 16:58,George St / King St E,7462.0,01/28/2023 17:07,Richmond St E / Yonge St,1665,Casual Member
20219186,569,7320,01/11/2023 08:34,Front St W / University Ave (1),7007.0,01/11/2023 08:43,College St / Huron St,3597,Casual Member
20208424,398,7038,01/09/2023 21:15,Dundas St W / Yonge St,7033.0,01/09/2023 21:22,Union Station,3401,Casual Member
20185554,1327,7288,01/06/2023 18:39,Humber Bay Shores Park West,7707.0,01/06/2023 19:01,,5982,Annual Member
20301030,396,7190,01/23/2023 08:36,St. George St / Hoskin Ave,7195.0,01/23/2023 08:42,Ulster St / Bathurst St,4070,Casual Member
20318236,730,7322,01/25/2023 08:45,King St W / Brant St,7334.0,01/25/2023 08:57,Simcoe St / Wellington St North,6927,Annual Member
20330124,1070,7281,01/27/2023 19:00,Charles St W / Balmuto St - SMART,7027.0,01/27/2023 19:18,Beverley  St / Dundas St W,3389,Casual Member
20163215,633,7031,01/03/2023 12:05,Jarvis St / Isabella St,7007.0,01/03/2023 12:15,College St / Huron St,6587,Casual Member
20327529,320,7053,01/27/2023 13:35,Metro Hall Plaza,7070.0,01/27/2023 13:40,25 York St â Union Station South,4913,Casual Member
20305866,957,7072,01/23/2023 18:47,Fleet St / Bathurst St,7102.0,01/23/2023 19:03,Nelson St / Duncan St,4793,Annual Member
20335163,1130,7382,01/28/2023 17:13,Simcoe St / Adelaide St W,7684.0,01/28/2023 17:32,,3221,Casual Member
20305574,156,7418,01/23/2023 18:22,College Park - Yonge St Entrance,7271.0,01/23/2023 18:25,Yonge St / Alexander St - SMART,4049,Casual Member
20326649,861,7077,01/27/2023 10:39,College Park South,7271.0,01/27/2023 10:53,Yonge St / Alexander St - SMART,7182,Casual Member
20322278,293,7118,01/26/2023 14:21,King St W / Bay St (East Side),7375.0,01/26/2023 14:26,Front St E / Scott St,1221,Casual Member
20226274,537,7067,01/12/2023 03:03,Yonge St / Harbour St,7411.0,01/12/2023 03:12,Little Norway Park,2072,Annual Member
20279563,586,7298,01/20/2023 07:47,Bathurst St / Adelaide St W,7005.0,01/20/2023 07:57,King St W / York St,4783,Casual Member
20179880,628,7042,01/06/2023 07:38,Sherbourne St / Wellesley St E,7063.0,01/06/2023 07:48,Queen's Park / Bloor St W,1787,Casual Member
20275748,815,7012,01/19/2023 14:34,Elizabeth St / Edward St (Bus Terminal),7132.0,01/19/2023 14:47,Kendal Ave / Spadina Rd,3785,Casual Member
20195639,925,7329,01/08/2023 08:19,Crawford St / Queen St W,7263.0,01/08/2023 08:34,Walton St / Elizabeth St - SMART,6449,Annual Member
20225576,990,7040,01/11/2023 21:20,Euclid Ave / Bloor St W,7568.0,01/11/2023 21:36,Jameson Ave / Queen St W,3881,Casual Member
20332297,199,7398,01/28/2023 10:04,York St / Lakeshore St W - South,7016.0,01/28/2023 10:07,Bay St / Queens Quay W (Ferry Terminal),2445,Casual Member
20184597,1834,7170,01/06/2023 17:25,Spadina Ave / Willcocks St,7705.0,01/06/2023 17:56,,7191,Casual Member
20330281,1085,7256,01/27/2023 19:23,Vanauley St / Queen St W - SMART,7271.0,01/27/2023 19:41,Yonge St / Alexander St - SMART,4221,Casual Member
20208519,489,7667,01/09/2023 21:40,Spadina Ave / Sussex Ave - SMART,7199.0,01/09/2023 21:49,College St / Markham St,4905,Casual Member
20325712,452,7366,01/27/2023 07:47,Fort York Blvd / Bathurst St SMART,7256.0,01/27/2023 07:55,Vanauley St / Queen St W - SMART,3619,Annual Member
20193643,1875,7149,01/07/2023 18:41,Yarmouth Rd / Christie St,7419.0,01/07/2023 19:12,Bloor St W / Huron St,2127,Casual Member
20238297,515,7350,01/14/2023 11:29,Broadview Ave / Westwood Ave,7350.0,01/14/2023 11:37,Broadview Ave / Westwood Ave,7025,Annual Member
20354787,1082,7366,01/31/2023 23:32,Fort York Blvd / Bathurst St SMART,7155.0,01/31/2023 23:50,Bathurst St / Lennox St,2973,Casual Member
20347613,179,7280,01/30/2023 23:12,Charles St E / Jarvis St - SMART,7001.0,01/30/2023 23:15,Wellesley Station Green P,2253,Casual Member
20270501,270,7250,01/18/2023 19:09,St. George St / Russell St - SMART,7191.0,01/18/2023 19:14,Central Tech  (Harbord St),5544,Annual Member
20213242,352,7178,01/10/2023 14:49,Dundas St W / Edna Ave,7180.0,01/10/2023 14:55,Lansdowne Subway Station,4921,Casual Member
20259610,475,7547,01/17/2023 17:07,Orde St / McCaul St,7028.0,01/17/2023 17:15,Gould St / Mutual St,962,Annual Member
20199459,223,7038,01/08/2023 18:32,Dundas St W / Yonge St,7163.0,01/08/2023 18:36,Yonge St / Wood St,4347,Casual Member
20321734,878,7523,01/26/2023 11:57,Lynn Williams St / East Liberty St - SMART,7523.0,01/26/2023 12:12,Lynn Williams St / East Liberty St - SMART,7247,Annual Member
20321349,601,7114,01/26/2023 09:28,Carlton St / Parliament St,7163.0,01/26/2023 09:38,Yonge St / Wood St,6239,Annual Member
20228801,238,7419,01/12/2023 12:10,Bloor St W / Huron St,7250.0,01/12/2023 12:14,St. George St / Russell St - SMART,4388,Casual Member
20218845,596,7311,01/11/2023 08:03,Sherbourne St / Isabella St,7647.0,01/11/2023 08:13,Elm St/ University Ave (East Side),5219,Casual Member
20280169,465,7025,01/20/2023 08:54,Ted Rogers Way / Bloor St E,7002.0,01/20/2023 09:02,St. George St / Bloor St W,156,Casual Member
20329977,335,7263,01/27/2023 18:41,Walton St / Elizabeth St - SMART,7386.0,01/27/2023 18:46,D'Arcy St. /McCaul St. SMART,1882,Casual Member
20203433,443,7014,01/09/2023 11:28,Sherbourne St / Carlton St (Allan Gardens),7006.0,01/09/2023 11:36,Bay St / College St (East Side),1343,Annual Member
20192157,177,7518,01/07/2023 15:58,Lake Shore Blvd W / Colborne Lodge Dr,7518.0,01/07/2023 16:01,Lake Shore Blvd W / Colborne Lodge Dr,6215,Casual Member
20282028,283,7474,01/20/2023 12:59,Clarence Square,7719.0,01/20/2023 13:04,,7233,Casual Member
20325902,478,7285,01/27/2023 08:24,Spadina Ave / Harbord St - SMART,7418.0,01/27/2023 08:32,College Park - Yonge St Entrance,4074,Annual Member
20223461,999,7324,01/11/2023 17:22,King St W / Charlotte St (West Side),7198.0,01/11/2023 17:38,Queen St W / Cowan Ave,6936,Casual Member
20339049,1179,7505,01/29/2023 15:47,Ontario St / Adelaide St E -SMART,7176.0,01/29/2023 16:07,Bathurst St / Fort York Blvd,5484,Casual Member
20267703,984,7003,01/18/2023 16:07,Madison Ave / Bloor St W,7416.0,01/18/2023 16:23,Spadina Ave / Blue Jays Way,4480,Casual Member
20312540,410,7728,01/24/2023 16:25,,7687.0,01/24/2023 16:32,,6574,Casual Member
20337385,1432,7038,01/29/2023 00:49,Dundas St W / Yonge St,7275.0,01/29/2023 01:13,Queen St W / James St,482,Casual Member
20197699,1775,7148,01/08/2023 14:34,King St W / Joe Shuster Way,7211.0,01/08/2023 15:04,Fort York Blvd / Garrison Rd,1210,Casual Member
20167630,806,7076,01/04/2023 07:20,York St / Queens Quay W,7004.0,01/04/2023 07:34,University Ave / Elm St,2413,Casual Member
20239466,1155,7542,01/14/2023 15:02,Queen St W / John St,7136.0,01/14/2023 15:21,Queen St W / Close Ave,4727,Casual Member
20332228,246,7216,01/28/2023 09:47,Wellington St W / Stafford St,7720.0,01/28/2023 09:51,,5906,Casual Member
20227927,1400,7065,01/12/2023 09:36,Dundas St E / Parliament St,7473.0,01/12/2023 09:59,Adelaide St W / Strachan Ave,1660,Casual Member
20169530,257,7088,01/04/2023 13:13,Danforth Ave / Coxwell Ave,7194.0,01/04/2023 13:17,Mortimer Ave / Coxwell Ave,6522,Casual Member
20229152,931,7118,01/12/2023 12:55,King St W / Bay St (East Side),7063.0,01/12/2023 13:10,Queen's Park / Bloor St W,4043,Casual Member
20343273,680,7559,01/30/2023 12:38,Swansea Community Centre,7441.0,01/30/2023 12:49,Pacific Ave / Glenlake Ave,6324,Casual Member
20176449,1133,7024,01/05/2023 17:24,Dundonald St / Church St,7020.0,01/05/2023 17:43,Phoebe St / Spadina Ave,3999,Casual Member
20197878,1489,7459,01/08/2023 14:57,St Clair Ave W / Winona Ave,7246.0,01/08/2023 15:22,Yonge St / Bloor St,4973,Casual Member
20209785,1136,7112,01/10/2023 07:53,Liberty St / Fraser Ave Green P,7398.0,01/10/2023 08:12,York St / Lakeshore St W - South,3927,Casual Member
20190651,897,7491,01/07/2023 13:28,D'Arcy St / Spadina Ave - SMART,7062.0,01/07/2023 13:43,University Ave / College St (West),235,Casual Member
