Trip Id,Trip  Duration,Start Station Id,Start Time,Start Station Name,End Station Id,End Time,End Station Name,Bike Id,User Type
22726748,811,7790,07/02/2023 14:33,,7043.0,07/02/2023 14:47,Queens Quay W / Lower Simcoe St,3797,Casual Member
23011213,732,7025,07/13/2023 09:41,Ted Rogers Way / Bloor St E,7191.0,07/13/2023 09:53,Central Tech  (Harbord St),4621,Casual Member
23340957,848,7235,07/25/2023 10:36,Bay St / College St (West Side) - SMART,7324.0,07/25/2023 10:50,King St W / Charlotte St (West Side),7426,Casual Member
23320206,889,7034,07/24/2023 14:31,Church St / Bloor St E,7078.0,07/24/2023 14:46,College St / Major St,2222,Casual Member
22713981,4983,7248,07/01/2023 21:08,Baldwin Ave / Spadina Ave - SMART,7357.0,07/01/2023 22:31,Lake Shore Blvd E / Leslie St,5757,Casual Member
23235609,624,7235,07/21/2023 12:54,Bay St / College St (West Side) - SMART,7057.0,07/21/2023 13:04,Simcoe St / Wellington St South,3264,Casual Member
22845529,523,7388,07/07/2023 08:02,Broadview Ave / Danforth Ave,7702.0,07/07/2023 08:11,,4447,Casual Member
23191342,841,7154,07/19/2023 18:47,Bathurst Subway Station,7001.0,07/19/2023 19:01,Wellesley Station Green P,4093,Casual Member
23459299,428,7271,07/29/2023 16:16,Yonge St / Alexander St - SMART,7164.0,07/29/2023 16:23,Gould St / Yonge St (Ryerson University),4342,Casual Member
23037882,1047,7168,07/14/2023 08:42,Queens Quay / Yonge St,7548.0,07/14/2023 09:00,St Joseph St / Bay St - SMART,3964,Casual Member
23170589,296,7322,07/19/2023 07:09,King St W / Brant St,7112.0,07/19/2023 07:14,Liberty St / Fraser Ave Green P,4997,Casual Member
23072907,0,7054,07/15/2023 13:17,Navy Wharf Ct. / Bremner Blvd.,7257.0,07/15/2023 13:17,Dundas St W / St. Patrick St,4610,Casual Member
23102357,717,7411,07/16/2023 17:05,Little Norway Park,7248.0,07/16/2023 17:17,Baldwin Ave / Spadina Ave - SMART,3579,Casual Member
23415230,588,7066,07/27/2023 19:44,Willcocks St / St. George St,7038.0,07/27/2023 19:54,Dundas St W / Yonge St,5306,Casual Member
22711384,5531,7242,07/01/2023 19:24,Lake Shore Blvd W / Ontario Dr,7171.0,07/01/2023 20:56,Ontario Place Blvd / Lake Shore Blvd W (East),398,Casual Member
22772973,3124,7753,07/04/2023 15:12,,7102.0,07/04/2023 16:04,Nelson St / Duncan St,2722,Casual Member
23395506,1045,7104,07/27/2023 08:29,King St E / River St,7340.0,07/27/2023 08:46,Blake St / Boultbee Ave,285,Casual Member
22957067,278,7253,07/11/2023 08:46,John St  / Mercer St - SMART,7015.0,07/11/2023 08:50,King St W / Bay St (West Side),2847,Casual Member
23204554,696,7115,07/20/2023 08:41,Howard St / Sherbourne St,7762.0,07/20/2023 08:52,,5757,Casual Member
23339567,3082,7127,07/25/2023 08:59,Bay St / Scollard St,7359.0,07/25/2023 09:50,Rosedale Park (20 Schofield Ave),1134,Casual Member
22852648,408,7719,07/07/2023 13:48,,7534.0,07/07/2023 13:55,Walnut Ave / Queen St W,5947,Casual Member
23259319,846,7324,07/22/2023 08:48,King St W / Charlotte St (West Side),7710.0,07/22/2023 09:02,,3514,Casual Member
23285759,386,7000,07/22/2023 23:46,Fort York  Blvd / Capreol Ct,7043.0,07/22/2023 23:52,Queens Quay W / Lower Simcoe St,2408,Casual Member
22949079,417,7002,07/10/2023 20:42,St. George St / Bloor St W,7140.0,07/10/2023 20:49,Macpherson Ave / Spadina Rd,86,Casual Member
23015806,605,7102,07/13/2023 13:53,Nelson St / Duncan St,7073.0,07/13/2023 14:03,Spadina Ave / Fort York Blvd,3148,Casual Member
23497374,215,7029,07/30/2023 20:08,Bay St / Bloor St W (East Side),7030.0,07/30/2023 20:11,Bay St / Wellesley St W,5298,Casual Member
23290386,685,7724,07/23/2023 09:56,,7129.0,07/23/2023 10:07,Davenport Rd / Avenue Rd,4417,Casual Member
23046335,1167,7021,07/14/2023 14:51,Bay St / Albert St,7248.0,07/14/2023 15:11,Baldwin Ave / Spadina Ave - SMART,4563,Casual Member
23444051,580,7343,07/28/2023 19:24,Alton Ave / Dundas St E (Greenwood Park),7103.0,07/28/2023 19:34,Jimmie Simpson Park (Queen St E),902,Casual Member
23517271,212,7006,07/31/2023 17:07,Bay St / College St (East Side),7041.0,07/31/2023 17:10,Edward St / Yonge St,2159,Casual Member
23120953,366,7006,07/17/2023 12:06,Bay St / College St (East Side),7269.0,07/17/2023 12:12,Toronto Eaton Centre (Yonge St),2280,Casual Member
23271376,457,7682,07/22/2023 15:38,,7111.0,07/22/2023 15:45,King St W / Douro St,3644,Casual Member
22965832,233,7274,07/11/2023 15:50,Queen's Park Cres E / Grosvenor St - SMART,7001.0,07/11/2023 15:54,Wellesley Station Green P,5212,Casual Member
22786083,934,7233,07/04/2023 21:10,King / Cowan Ave - SMART,7216.0,07/04/2023 21:25,Wellington St W / Stafford St,1301,Casual Member
23407665,377,7040,07/27/2023 17:03,Euclid Ave / Bloor St W,7002.0,07/27/2023 17:09,St. George St / Bloor St W,3490,Casual Member
23220317,1539,7209,07/20/2023 18:06,Ossington Ave / Harrison St,7311.0,07/20/2023 18:31,Sherbourne St / Isabella St,5299,Casual Member
22731622,1002,7018,07/02/2023 19:33,Bremner Blvd / Rees St,7686.0,07/02/2023 19:50,,2041,Casual Member
23061378,375,7164,07/14/2023 21:38,Gould St / Yonge St (Ryerson University),7056.0,07/14/2023 21:44,Parliament St / Gerrard St,2576,Casual Member
23141999,1170,7437,07/18/2023 08:07,Concord Ave / Bloor St W,7162.0,07/18/2023 08:27,Hayter St / Laplante Ave,3671,Casual Member
23322439,829,7106,07/24/2023 16:12,Mill St / Tannery Rd,7283.0,07/24/2023 16:26,Front St W / Bay St (South Side),4025,Casual Member
22899332,252,7010,07/09/2023 01:52,King St W / Spadina Ave,7253.0,07/09/2023 01:57,John St  / Mercer St - SMART,4404,Casual Member
22839684,430,7693,07/06/2023 21:09,,7104.0,07/06/2023 21:16,King St E / River St,6219,Casual Member
22697926,714,7067,07/01/2023 11:40,Yonge St / Harbour St,7121.0,07/01/2023 11:51,Jarvis St / Dundas St E,5954,Casual Member
23071697,379,7004,07/15/2023 12:09,University Ave / Elm St,7406.0,07/15/2023 12:16,Victoria St / Queen St E,4108,Casual Member
22987353,542,7462,07/12/2023 13:07,Richmond St E / Yonge St,7398.0,07/12/2023 13:16,York St / Lakeshore St W - South,1888,Casual Member
22777953,611,7345,07/04/2023 17:36,Cherry Beach Sports Field (55 Unwin Ave),7107.0,07/04/2023 17:46,Cherry St / Distillery Ln,6923,Casual Member
23457815,2209,7580,07/29/2023 15:15,Hillsdale Ave W / Yonge St,7000.0,07/29/2023 15:52,Fort York  Blvd / Capreol Ct,2106,Casual Member
23240791,776,7475,07/21/2023 16:07,Jarvis St / Richmond St E,7311.0,07/21/2023 16:20,Sherbourne St / Isabella St,2779,Casual Member
22825243,127,7443,07/06/2023 11:20,Dundas St E / George St,7028.0,07/06/2023 11:22,Gould St / Mutual St,1129,Casual Member
23174438,369,7240,07/19/2023 09:07,Bloor St W / Shaw Ave - SMART,7687.0,07/19/2023 09:13,,2481,Casual Member
22736599,3261,7025,07/03/2023 01:53,Ted Rogers Way / Bloor St E,7315.0,07/03/2023 02:48,Queen St E / Hammersmith Ave,1580,Casual Member
22896727,762,7701,07/08/2023 22:36,,7152.0,07/08/2023 22:49,Ossington Ave / Bloor St W,7040,Casual Member
23214719,2441,7415,07/20/2023 16:10,Keele St / Vine Ave,7242.0,07/20/2023 16:51,Lake Shore Blvd W / Ontario Dr,6510,Casual Member
22832363,1401,7044,07/06/2023 17:09,Church St / Alexander St,7458.0,07/06/2023 17:33,Church St / Lombard St,3615,Casual Member
22716481,1818,7427,07/01/2023 22:35,Northern Dancer Blvd / Lake Shore Blvd E,7345.0,07/01/2023 23:05,Cherry Beach Sports Field (55 Unwin Ave),6945,Casual Member
22860828,833,7016,07/07/2023 18:01,Bay St / Queens Quay W (Ferry Terminal),7599.0,07/07/2023 18:15,Richmond St W / York St,2095,Casual Member
23099328,1206,7175,07/16/2023 15:49,HTO Park (Queens Quay W),7227.0,07/16/2023 16:09,Martin Goodman Trail (Marilyn Bell Park),7075,Casual Member
23157711,587,7467,07/18/2023 17:54,Lower Simcoe St / Bremner Blvd,7718.0,07/18/2023 18:04,,3325,Casual Member
23150747,5003,7242,07/18/2023 14:39,Lake Shore Blvd W / Ontario Dr,7506.0,07/18/2023 16:02,Berkeley St / Adelaide St E - SMART,3901,Casual Member
23133558,324,7021,07/17/2023 19:28,Bay St / Albert St,7030.0,07/17/2023 19:33,Bay St / Wellesley St W,3553,Casual Member
22899446,1515,7035,07/09/2023 02:05,Queen St W / Ossington Ave,7475.0,07/09/2023 02:31,Jarvis St / Richmond St E,3208,Casual Member
22749509,932,7289,07/03/2023 16:56,Humber Bay Shores Park East,7461.0,07/03/2023 17:11,High Park Amphitheatre,166,Casual Member
23043974,227,7398,07/14/2023 13:19,York St / Lakeshore St W - South,7334.0,07/14/2023 13:23,Simcoe St / Wellington St North,557,Casual Member
23068691,978,7050,07/15/2023 09:50,Richmond St E / Jarvis St Green P,7126.0,07/15/2023 10:06,Yonge St / Yorkville Ave,7442,Casual Member
23027864,851,7065,07/13/2023 19:36,Dundas St E / Parliament St,7576.0,07/13/2023 19:50,Front St E / Bayview Avenue,2190,Casual Member
23526421,1635,7153,07/31/2023 20:46,Bloor St W / Christie St,7705.0,07/31/2023 21:13,,6015,Casual Member
22800208,626,7730,07/05/2023 14:16,,7712.0,07/05/2023 14:27,,5538,Casual Member
23305772,2311,7030,07/23/2023 20:06,Bay St / Wellesley St W,7787.0,07/23/2023 20:44,,6343,Casual Member
23513501,849,7533,07/31/2023 14:56,Housey St / Dan Leckie Way,7155.0,07/31/2023 15:10,Bathurst St / Lennox St,3866,Casual Member
23315168,1338,7171,07/24/2023 09:51,Ontario Place Blvd / Lake Shore Blvd W (East),7693.0,07/24/2023 10:14,,5283,Casual Member
23002736,1134,7539,07/12/2023 20:26,Davisville Ave / Pailton Cres,7355.0,07/12/2023 20:45,Beltline Trail / Chaplin Cres.,3978,Casual Member
23497284,1612,7001,07/30/2023 20:05,Wellesley Station Green P,7027.0,07/30/2023 20:32,Beverley  St / Dundas St W,3659,Casual Member
22750613,996,7198,07/03/2023 17:25,Queen St W / Cowan Ave,7171.0,07/03/2023 17:41,Ontario Place Blvd / Lake Shore Blvd W (East),5776,Casual Member
23513207,760,7030,07/31/2023 14:42,Bay St / Wellesley St W,7021.0,07/31/2023 14:54,Bay St / Albert St,712,Casual Member
23202950,428,7043,07/20/2023 07:57,Queens Quay W / Lower Simcoe St,7022.0,07/20/2023 08:04,Simcoe St / Queen St W,162,Casual Member
23437895,336,7416,07/28/2023 16:56,Spadina Ave / Blue Jays Way,7033.0,07/28/2023 17:01,Union Station,4102,Casual Member
23161989,611,7554,07/18/2023 19:25,Humber College,7623.0,07/18/2023 19:35,Royal York Rd / Lake Shore Blvd W,41,Casual Member
22785220,3093,7430,07/04/2023 20:40,Marilyn Bell Park Tennis Court,7148.0,07/04/2023 21:32,King St W / Joe Shuster Way,6059,Casual Member
23291305,1344,7027,07/23/2023 10:44,Beverley  St / Dundas St W,7666.0,07/23/2023 11:06,Dundas St W / St Helen Ave - SMART,7783,Casual Member
23061665,4830,7047,07/14/2023 21:50,University Ave / Gerrard St W (East Side),7792.0,07/14/2023 23:10,,3243,Casual Member
22837519,712,7235,07/06/2023 19:45,Bay St / College St (West Side) - SMART,7022.0,07/06/2023 19:57,Simcoe St / Queen St W,4608,Casual Member
23255451,639,7563,07/21/2023 23:37,St Clair Ave W / Castleton Ave,7729.0,07/21/2023 23:48,,164,Casual Member
22898070,783,7384,07/08/2023 23:55,Cumberland Ave / Bay St SMART,7333.0,07/09/2023 00:08,King St E / Victoria St,5384,Casual Member
23346629,481,7600,07/25/2023 15:24,Russell St / Huron St - SMART,7321.0,07/25/2023 15:32,Front St W / University Ave (2),7893,Casual Member
23330934,1030,7121,07/24/2023 20:36,Jarvis St / Dundas St E,7576.0,07/24/2023 20:53,Front St E / Bayview Avenue,1232,Casual Member
22815959,266,7065,07/05/2023 22:19,Dundas St E / Parliament St,7796.0,07/05/2023 22:23,,1935,Annual Member
23397599,1086,7001,07/27/2023 09:28,Wellesley Station Green P,7263.0,07/27/2023 09:46,Walton St / Elizabeth St - SMART,3724,Casual Member
22883911,306,7118,07/08/2023 14:36,King St W / Bay St (East Side),7432.0,07/08/2023 14:41,Frederick St / King St E,404,Casual Member
23191415,115,7322,07/19/2023 18:49,King St W / Brant St,7790.0,07/19/2023 18:51,,4880,Casual Member
23048721,567,7012,07/14/2023 16:10,Elizabeth St / Edward St (Bus Terminal),7170.0,07/14/2023 16:19,Spadina Ave / Willcocks St,307,Annual Member
22705844,1309,7389,07/01/2023 16:02,College Park- Gerrard Entrance,7389.0,07/01/2023 16:23,College Park- Gerrard Entrance,4876,Casual Member
23001918,1078,7004,07/12/2023 20:02,University Ave / Elm St,7792.0,07/12/2023 20:19,,1336,Casual Member
22730117,298,7314,07/02/2023 18:17,Queen St. E / Eastern Ave,7314.0,07/02/2023 18:22,Queen St. E / Eastern Ave,5099,Casual Member
22851396,253,7273,07/07/2023 12:50,Bay St / Charles St - SMART,7235.0,07/07/2023 12:55,Bay St / College St (West Side) - SMART,5553,Casual Member
23461403,372,7264,07/29/2023 17:26,Bloor St E / Huntley St - SMART,7126.0,07/29/2023 17:32,Yonge St / Yorkville Ave,1075,Casual Member
22928514,1699,7752,07/10/2023 08:22,,7033.0,07/10/2023 08:50,Union Station,2998,Casual Member
22808058,377,7155,07/05/2023 18:15,Bathurst St / Lennox St,7023.0,07/05/2023 18:22,College St / Borden St,4512,Casual Member
22846002,986,7686,07/07/2023 08:24,,7286.0,07/07/2023 08:40,Gerrard St E / Broadview - SMART,296,Casual Member
22799929,205,7135,07/05/2023 14:01,Hanna Ave / Liberty St,7322.0,07/05/2023 14:04,King St W / Brant St,5665,Casual Member
22969992,132,7437,07/11/2023 17:43,Concord Ave / Bloor St W,7360.0,07/11/2023 17:45,Concord Av / Dewson St,4600,Casual Member
