Trip Id,Trip  Duration,Start Station Id,Start Time,Start Station Name,End Station Id,End Time,End Station Name,Bike Id,User Type
24148691,1172,7523,08/22/2023 19:50,Lynn Williams St / East Liberty St - SMART,7718.0,08/22/2023 20:10,,4895,Casual Member
24050438,287,7335,08/19/2023 14:20,Bay St / Bloor St W (West Side),7235.0,08/19/2023 14:25,Bay St / College St (West Side) - SMART,5528,Casual Member
24154177,483,7074,08/23/2023 00:21,King St E / Church St,7164.0,08/23/2023 00:29,Gould St / Yonge St (Ryerson University),28,Casual Member
23723186,1565,7104,08/07/2023 20:52,King St E / River St,7504.0,08/07/2023 21:18,Gerrard St E / Victoria Park Ave - SMART,2384,Casual Member
23925156,1169,7089,08/14/2023 23:33,Church St  / Wood St,7175.0,08/14/2023 23:53,HTO Park (Queens Quay W),4581,Casual Member
24247149,729,7432,08/26/2023 16:00,Frederick St / King St E,7391.0,08/26/2023 16:12,Yonge St / Dundas Sq,5731,Casual Member
24293260,606,7712,08/28/2023 09:22,,7015.0,08/28/2023 09:32,King St W / Bay St (West Side),7774,Casual Member
23789928,264,7139,08/10/2023 09:18,Glen Edyth Dr / Davenport Rd,7129.0,08/10/2023 09:23,Davenport Rd / Avenue Rd,1104,Casual Member
23642472,239,7104,08/04/2023 18:42,King St E / River St,7356.0,08/04/2023 18:46,King St E / Ontario St.,5478,Casual Member
23547475,543,7321,08/01/2023 17:07,Front St W / University Ave (2),7202.0,08/01/2023 17:16,Queen St W / York St (City Hall),5143,Casual Member
23939938,1410,7309,08/15/2023 16:40,Queen St. E / Rhodes Ave.,7399.0,08/15/2023 17:03,Lower Jarvis / Queens Quay E,6488,Casual Member
23827326,622,7005,08/11/2023 15:31,King St W / York St,7720.0,08/11/2023 15:41,,3339,Casual Member
23956724,687,7728,08/16/2023 09:21,,7526.0,08/16/2023 09:32,Bartlett Parkette,2626,Casual Member
23678167,5547,7259,08/05/2023 20:41,Lower Spadina Ave / Lake Shore Blvd,7778.0,08/05/2023 22:13,,1133,Casual Member
23908793,1167,7524,08/14/2023 13:52,Lisgar Park,7542.0,08/14/2023 14:12,Queen St W / John St,7022,Casual Member
23536510,697,7089,08/01/2023 09:25,Church St  / Wood St,7248.0,08/01/2023 09:37,Baldwin Ave / Spadina Ave - SMART,3689,Casual Member
24066818,186,7065,08/19/2023 22:33,Dundas St E / Parliament St,7796.0,08/19/2023 22:36,,1364,Casual Member
23935057,145,7551,08/15/2023 12:54,The Esplanade / Hahn Pl,7686.0,08/15/2023 12:57,,965,Casual Member
24230590,339,7126,08/25/2023 22:01,Yonge St / Yorkville Ave,7264.0,08/25/2023 22:07,Bloor St E / Huntley St - SMART,7506,Casual Member
24248351,606,7000,08/26/2023 16:43,Fort York  Blvd / Capreol Ct,7542.0,08/26/2023 16:53,Queen St W / John St,4896,Casual Member
24300299,813,7627,08/28/2023 15:22,Shaw St / Essex St - SMART,7197.0,08/28/2023 15:36,Queen St W / Dovercourt Rd,6268,Casual Member
24217626,241,7620,08/25/2023 15:56,Eglinton Ave E / Redpath Ave,7780.0,08/25/2023 16:00,,6210,Casual Member
23829688,959,7375,08/11/2023 16:38,Front St E / Scott St,7418.0,08/11/2023 16:54,College Park - Yonge St Entrance,6552,Casual Member
23867496,596,7302,08/12/2023 20:53,Winona Dr / Davenport Rd,7139.0,08/12/2023 21:03,Glen Edyth Dr / Davenport Rd,5738,Casual Member
23840122,275,7042,08/11/2023 20:45,Sherbourne St / Wellesley St E,7264.0,08/11/2023 20:50,Bloor St E / Huntley St - SMART,6104,Casual Member
24068780,1043,7015,08/20/2023 00:38,King St W / Bay St (West Side),7412.0,08/20/2023 00:55,King St W / Crawford St,3008,Casual Member
23692753,1476,7162,08/06/2023 13:52,Hayter St / Laplante Ave,7569.0,08/06/2023 14:17,Toronto Inukshuk Park,3462,Casual Member
23631182,516,7553,08/04/2023 13:01,Lake Shore Blvd W / Twenty Fourth St,7553.0,08/04/2023 13:10,Lake Shore Blvd W / Twenty Fourth St,2424,Casual Member
23765092,233,7195,08/09/2023 14:03,Ulster St / Bathurst St,7078.0,08/09/2023 14:07,College St / Major St,5058,Casual Member
24326948,282,7580,08/29/2023 13:41,Hillsdale Ave W / Yonge St,7376.0,08/29/2023 13:46,Frobisher Ave / Lascelles Blvd,1037,Casual Member
23590324,506,7418,08/02/2023 21:47,College Park - Yonge St Entrance,7126.0,08/02/2023 21:55,Yonge St / Yorkville Ave,7014,Casual Member
23996862,279,7524,08/17/2023 15:50,Lisgar Park,7368.0,08/17/2023 15:55,Lisgar St / Dundas St SMART,4927,Casual Member
23590959,471,7261,08/02/2023 22:13,Queens Quay E / Lower Sherbourne St,7016.0,08/02/2023 22:21,Bay St / Queens Quay W (Ferry Terminal),6994,Casual Member
23761708,150,7034,08/09/2023 11:18,Church St / Bloor St E,7264.0,08/09/2023 11:21,Bloor St E / Huntley St - SMART,4647,Casual Member
23701509,1464,7146,08/06/2023 18:39,Christie St / Benson Ave (Wychwood Barns),7163.0,08/06/2023 19:03,Yonge St / Wood St,2020,Casual Member
24158284,113,7432,08/23/2023 09:46,Frederick St / King St E,7009.0,08/23/2023 09:48,King St E / Jarvis St,1598,Casual Member
24398661,999,7339,08/31/2023 19:11,Carlaw Ave / Strathcona Ave,7124.0,08/31/2023 19:27,Dundas St E / Broadview Ave,778,Casual Member
24104151,211,7030,08/21/2023 12:10,Bay St / Wellesley St W,7384.0,08/21/2023 12:14,Cumberland Ave / Bay St SMART,2090,Casual Member
23584041,1153,7718,08/02/2023 18:42,,7002.0,08/02/2023 19:01,St. George St / Bloor St W,1942,Casual Member
23923035,707,7542,08/14/2023 21:11,Queen St W / John St,7443.0,08/14/2023 21:22,Dundas St E / George St,5683,Casual Member
24165901,944,7055,08/23/2023 16:56,Jarvis St / Carlton St,7077.0,08/23/2023 17:12,College Park South,6552,Casual Member
24104724,796,7100,08/21/2023 12:41,Dundas St E / Regent Park Blvd,7164.0,08/21/2023 12:54,Gould St / Yonge St (Ryerson University),4311,Casual Member
24345016,386,7091,08/29/2023 22:13,Donlands Station,7093.0,08/29/2023 22:20,Danforth Ave / Gough Ave,1079,Casual Member
23997421,243,7566,08/17/2023 16:11,Weston Rd / St Clair Ave W - SMART,7415.0,08/17/2023 16:15,Keele St / Vine Ave,2100,Casual Member
23980146,2164,7157,08/16/2023 21:56,Dufferin St / Bloor St,7157.0,08/16/2023 22:32,Dufferin St / Bloor St,52,Casual Member
23616361,874,7006,08/03/2023 19:27,Bay St / College St (East Side),7239.0,08/03/2023 19:41,Bloor St W / Manning Ave - SMART,2862,Casual Member
24216871,669,7551,08/25/2023 15:30,The Esplanade / Hahn Pl,7506.0,08/25/2023 15:41,Berkeley St / Adelaide St E - SMART,2827,Casual Member
23617141,2135,7079,08/03/2023 19:46,McGill St / Church St,7788.0,08/03/2023 20:21,,2258,Casual Member
23772677,5210,7283,08/09/2023 17:46,Front St W / Bay St (South Side),7576.0,08/09/2023 19:13,Front St E / Bayview Avenue,2081,Casual Member
24053651,352,7184,08/19/2023 15:42,Ossington Ave / College St,7199.0,08/19/2023 15:48,College St / Markham St,1618,Casual Member
23959050,147,7151,08/16/2023 11:16,Essex St / Christie St - SMART,7153.0,08/16/2023 11:18,Bloor St W / Christie St,6199,Casual Member
24024207,89,7720,08/18/2023 15:41,,7720.0,08/18/2023 15:42,,3542,Casual Member
24002330,1288,7721,08/17/2023 17:56,,7322.0,08/17/2023 18:17,King St W / Brant St,1636,Casual Member
24008815,484,7713,08/17/2023 20:35,,7356.0,08/17/2023 20:43,King St E / Ontario St.,6568,Casual Member
23650381,110,7027,08/04/2023 23:28,Beverley  St / Dundas St W,7217.0,08/04/2023 23:29,Soho St / Queen St W,1257,Casual Member
23822591,240,7102,08/11/2023 12:29,Nelson St / Duncan St,7256.0,08/11/2023 12:33,Vanauley St / Queen St W - SMART,2744,Casual Member
23538684,808,7119,08/01/2023 11:19,Sumach St / Carlton St. (Riverdale Farm),7163.0,08/01/2023 11:32,Yonge St / Wood St,5143,Casual Member
23580622,1193,7250,08/02/2023 17:38,St. George St / Russell St - SMART,7136.0,08/02/2023 17:58,Queen St W / Close Ave,801,Casual Member
23713238,889,7240,08/07/2023 14:22,Bloor St W / Shaw Ave - SMART,7188.0,08/07/2023 14:37,Exhibition GO (Atlantic Ave),746,Casual Member
24337195,686,7299,08/29/2023 18:16,Mill St / Parliament St,7076.0,08/29/2023 18:28,York St / Queens Quay W,3320,Casual Member
23983974,537,7025,08/17/2023 06:35,Ted Rogers Way / Bloor St E,7097.0,08/17/2023 06:44,Riverdale Park North (Broadview Ave),7464,Casual Member
23981331,3546,7151,08/16/2023 22:54,Essex St / Christie St - SMART,7810.0,08/16/2023 23:53,,5241,Casual Member
23751035,661,7022,08/08/2023 21:34,Simcoe St / Queen St W,7044.0,08/08/2023 21:45,Church St / Alexander St,6280,Casual Member
23693880,469,7076,08/06/2023 14:27,York St / Queens Quay W,7075.0,08/06/2023 14:34,Queens Quay W / Dan Leckie Way,1845,Casual Member
24283731,1250,7271,08/27/2023 20:03,Yonge St / Alexander St - SMART,7720.0,08/27/2023 20:24,,318,Casual Member
23549898,1573,7476,08/01/2023 17:47,Symington Ave / Dupont St,7724.0,08/01/2023 18:13,,7026,Casual Member
23776316,554,7236,08/09/2023 19:00,Thompson St / Broadview Ave - SMART,7336.0,08/09/2023 19:09,Queen St E / Alton Av,4725,Casual Member
23783230,1069,7333,08/09/2023 23:13,King St E / Victoria St,7216.0,08/09/2023 23:30,Wellington St W / Stafford St,3206,Casual Member
23560779,530,7757,08/01/2023 23:33,,7037.0,08/01/2023 23:42,Bathurst St / Dundas St W,6745,Casual Member
23988422,672,7110,08/17/2023 09:14,Queen St E / Berkeley St,7542.0,08/17/2023 09:25,Queen St W / John St,2452,Casual Member
23799058,338,7644,08/10/2023 16:48,East Lynn Ave / Danforth Ave,7708.0,08/10/2023 16:53,,7229,Casual Member
24038480,477,7271,08/19/2023 00:58,Yonge St / Alexander St - SMART,7121.0,08/19/2023 01:06,Jarvis St / Dundas St E,6646,Casual Member
23675925,1353,7194,08/05/2023 19:41,Mortimer Ave / Coxwell Ave,7063.0,08/05/2023 20:04,Queen's Park / Bloor St W,7557,Casual Member
24307904,137,7028,08/28/2023 18:28,Gould St / Mutual St,7443.0,08/28/2023 18:30,Dundas St E / George St,4441,Casual Member
24305807,547,7025,08/28/2023 17:48,Ted Rogers Way / Bloor St E,7359.0,08/28/2023 17:57,Rosedale Park (20 Schofield Ave),3513,Casual Member
24082031,176,7063,08/20/2023 15:23,Queen's Park / Bloor St W,7063.0,08/20/2023 15:26,Queen's Park / Bloor St W,2416,Casual Member
23848276,245,7208,08/12/2023 09:40,80 Clinton St (North of College),7191.0,08/12/2023 09:44,Central Tech  (Harbord St),1693,Casual Member
24214386,1909,7721,08/25/2023 13:58,,7079.0,08/25/2023 14:30,McGill St / Church St,1042,Casual Member
23943438,1230,7424,08/15/2023 17:56,Merton St / Mount Pleasant Rd,7008.0,08/15/2023 18:16,Wellesley St / Queen's Park Cres,7963,Casual Member
23642495,1132,7335,08/04/2023 18:42,Bay St / Bloor St W (West Side),7010.0,08/04/2023 19:01,King St W / Spadina Ave,3813,Casual Member
23930451,605,7075,08/15/2023 08:54,Queens Quay W / Dan Leckie Way,7399.0,08/15/2023 09:04,Lower Jarvis / Queens Quay E,2416,Casual Member
23581986,681,7450,08/02/2023 18:03,Carlaw Ave / Danforth Ave,7724.0,08/02/2023 18:15,,4234,Casual Member
23674556,1283,7176,08/05/2023 19:06,Bathurst St / Fort York Blvd,7164.0,08/05/2023 19:27,Gould St / Yonge St (Ryerson University),2497,Casual Member
23641670,443,7127,08/04/2023 18:20,Bay St / Scollard St,7030.0,08/04/2023 18:28,Bay St / Wellesley St W,5025,Casual Member
23602716,228,7285,08/03/2023 12:56,Spadina Ave / Harbord St - SMART,7132.0,08/03/2023 13:00,Kendal Ave / Spadina Rd,5273,Casual Member
23666140,1225,7188,08/05/2023 15:34,Exhibition GO (Atlantic Ave),7422.0,08/05/2023 15:54,Tyndall Ave / King St W - SMART,6084,Casual Member
24284325,2406,7077,08/27/2023 20:27,College Park South,7077.0,08/27/2023 21:07,College Park South,960,Casual Member
24159975,311,7058,08/23/2023 11:59,Huron/ Harbord St,7026.0,08/23/2023 12:04,Bay St / St. Joseph St,7280,Casual Member
24299099,355,7006,08/28/2023 14:33,Bay St / College St (East Side),7762.0,08/28/2023 14:39,,3234,Casual Member
24248348,991,7680,08/26/2023 16:43,Princes Gate / Nunavut Dr,7076.0,08/26/2023 16:59,York St / Queens Quay W,4076,Casual Member
24300518,1111,7253,08/28/2023 15:31,John St  / Mercer St - SMART,7055.0,08/28/2023 15:49,Jarvis St / Carlton St,2077,Casual Member
24290132,830,7796,08/28/2023 07:20,,7542.0,08/28/2023 07:34,Queen St W / John St,377,Casual Member
23667557,1303,7176,08/05/2023 16:09,Bathurst St / Fort York Blvd,7171.0,08/05/2023 16:31,Ontario Place Blvd / Lake Shore Blvd W (East),492,Casual Member
24141618,336,7033,08/22/2023 17:25,Union Station,7054.0,08/22/2023 17:30,Navy Wharf Ct. / Bremner Blvd.,3927,Casual Member
24062681,1157,7389,08/19/2023 19:38,College Park- Gerrard Entrance,7120.0,08/19/2023 19:58,Gerrard St E / River St,859,Casual Member
23794264,149,7599,08/10/2023 12:53,Richmond St W / York St,7462.0,08/10/2023 12:55,Richmond St E / Yonge St,2671,Casual Member
24108638,1014,7000,08/21/2023 15:45,Fort York  Blvd / Capreol Ct,7506.0,08/21/2023 16:02,Berkeley St / Adelaide St E - SMART,667,Casual Member
24327918,798,7217,08/29/2023 14:31,Soho St / Queen St W,7269.0,08/29/2023 14:45,Toronto Eaton Centre (Yonge St),3805,Casual Member
24025537,725,7171,08/18/2023 16:28,Ontario Place Blvd / Lake Shore Blvd W (East),7253.0,08/18/2023 16:40,John St  / Mercer St - SMART,1250,Casual Member
24118924,872,7034,08/21/2023 20:04,Church St / Bloor St E,7055.0,08/21/2023 20:19,Jarvis St / Carlton St,4421,Casual Member
