ï»¿Trip Id,Trip  Duration,Start Station Id,Start Time,Start Station Name,End Station Id,End Time,End Station Name,Bike Id,User Type
20754209,1059,7264,03/26/2023 16:55,Bloor St E / Huntley St - SMART,7399.0,03/26/2023 17:13,Lower Jarvis / Queens Quay E,4862,Casual Member
20576682,198,7419,03/03/2023 17:56,Bloor St W / Huron St,7066.0,03/03/2023 17:59,Willcocks St / St. George St,6346,Casual Member
20667480,139,7269,03/16/2023 19:08,Toronto Eaton Centre (Yonge St),7418.0,03/16/2023 19:10,College Park - Yonge St Entrance,6405,Casual Member
20638951,1139,7523,03/13/2023 13:53,Lynn Williams St / East Liberty St - SMART,7382.0,03/13/2023 14:12,Simcoe St / Adelaide St W,3752,Casual Member
20627412,1017,7686,03/11/2023 13:38,,7020.0,03/11/2023 13:55,Phoebe St / Spadina Ave,2309,Casual Member
20676233,915,7077,03/17/2023 21:42,College Park South,7575.0,03/17/2023 21:57,Bayview Ave / Lawren Harris Square,607,Annual Member
20683849,1180,7514,03/19/2023 08:06,Humber Bay Shores Park / Marine Parade Dr,7136.0,03/19/2023 08:25,Queen St W / Close Ave,934,Casual Member
20668855,1024,7199,03/16/2023 21:17,College St / Markham St,7524.0,03/16/2023 21:34,Lisgar Park,4417,Annual Member
20620935,536,7022,03/09/2023 20:19,Simcoe St / Queen St W,7030.0,03/09/2023 20:28,Bay St / Wellesley St W,433,Casual Member
20592342,862,7041,03/06/2023 17:38,Edward St / Yonge St,7239.0,03/06/2023 17:53,Bloor St W / Manning Ave - SMART,414,Casual Member
20730023,175,7713,03/23/2023 21:04,,7021.0,03/23/2023 21:07,Bay St / Albert St,2992,Casual Member
20652656,704,7721,03/15/2023 12:27,,7108.0,03/15/2023 12:38,Front St E / Cherry St,4007,Annual Member
20604057,861,7207,03/08/2023 08:05,Dundas St W / Crawford St,7469.0,03/08/2023 08:19,Wellington St W / York St,6288,Casual Member
20621597,415,7014,03/09/2023 22:13,Sherbourne St / Carlton St (Allan Gardens),7120.0,03/09/2023 22:20,Gerrard St E / River St,7117,Casual Member
20595211,659,7418,03/07/2023 05:09,College Park - Yonge St Entrance,7416.0,03/07/2023 05:20,Spadina Ave / Blue Jays Way,5348,Annual Member
20631153,456,7542,03/11/2023 22:50,Queen St W / John St,7245.0,03/11/2023 22:57,Tecumseth St / Queen St W - SMART,6058,Casual Member
20696390,543,7001,03/20/2023 19:22,Wellesley Station Green P,7170.0,03/20/2023 19:31,Spadina Ave / Willcocks St,3123,Casual Member
20574387,658,7360,03/03/2023 13:43,Concord Av / Dewson St,7251.0,03/03/2023 13:54,The Royal Ontario Museum (Bloor St Entrance),7132,Casual Member
20734016,1152,7568,03/24/2023 11:36,Jameson Ave / Queen St W,7288.0,03/24/2023 11:55,Humber Bay Shores Park West,4588,Casual Member
20688127,3254,7458,03/19/2023 20:36,Church St / Lombard St,7660.0,03/19/2023 21:31,285 Victoria St,1367,Casual Member
20620394,673,7176,03/09/2023 19:23,Bathurst St / Fort York Blvd,7033.0,03/09/2023 19:35,Union Station,5280,Casual Member
20685952,381,7259,03/19/2023 15:26,Lower Spadina Ave / Lake Shore Blvd,7398.0,03/19/2023 15:32,York St / Lakeshore St W - South,185,Annual Member
20673567,308,7533,03/17/2023 17:15,Housey St / Dan Leckie Way,7720.0,03/17/2023 17:20,,3806,Annual Member
20641075,417,7689,03/13/2023 18:47,,7340.0,03/13/2023 18:54,Blake St / Boultbee Ave,5005,Casual Member
20640516,1568,7321,03/13/2023 17:37,Front St W / University Ave (2),7022.0,03/13/2023 18:03,Simcoe St / Queen St W,2095,Casual Member
20641449,2687,7356,03/13/2023 19:30,King St E / Ontario St.,7576.0,03/13/2023 20:15,Front St E / Bayview Avenue,3447,Annual Member
20605439,1130,7369,03/08/2023 10:34,Dupont St / Emerson Ave SMART,7141.0,03/08/2023 10:52,Bridgeman Ave / Kendal Ave,859,Annual Member
20754578,468,7615,03/26/2023 17:10,Colonel Danforth Park,7615.0,03/26/2023 17:18,Colonel Danforth Park,4888,Casual Member
20769824,896,7248,03/28/2023 08:26,Baldwin Ave / Spadina Ave - SMART,7494.0,03/28/2023 08:41,Davenport Rd / McAlpine St - SMART,7001,Casual Member
20777043,1254,7007,03/28/2023 18:09,College St / Huron St,7101.0,03/28/2023 18:30,Lower Sherbourne St / The Esplanade,562,Annual Member
20747705,456,7257,03/26/2023 09:06,Dundas St W / St. Patrick St,7055.0,03/26/2023 09:14,Jarvis St / Carlton St,6085,Annual Member
20655539,616,7253,03/15/2023 17:21,John St  / Mercer St - SMART,7536.0,03/15/2023 17:32,Palmerston Ave / Dundas St W,4451,Casual Member
20683672,516,7675,03/19/2023 03:17,1525 Dundas St,7238.0,03/19/2023 03:25,Sorauren/Geoffrey (Sorauren Park) - SMART,3068,Casual Member
20766799,1128,7126,03/27/2023 19:56,Yonge St / Yorkville Ave,7334.0,03/27/2023 20:15,Simcoe St / Wellington St North,4136,Annual Member
20757182,1122,7089,03/26/2023 19:24,Church St  / Wood St,7543.0,03/26/2023 19:43,Nassau St / Bellevue Ave,302,Annual Member
20655437,336,7457,03/15/2023 17:15,Queen's Park Cres W / Hoskin Ave,7006.0,03/15/2023 17:21,Bay St / College St (East Side),6306,Casual Member
20578735,1242,7575,03/04/2023 15:41,Bayview Ave / Lawren Harris Square,7702.0,03/04/2023 16:02,,238,Casual Member
20807339,288,7324,03/31/2023 17:40,King St W / Charlotte St (West Side),7469.0,03/31/2023 17:45,Wellington St W / York St,2716,Casual Member
20730077,1417,7164,03/23/2023 21:08,Gould St / Yonge St (Ryerson University),7168.0,03/23/2023 21:32,Queens Quay / Yonge St,6024,Casual Member
20806600,559,7093,03/31/2023 16:16,Danforth Ave / Gough Ave,7704.0,03/31/2023 16:25,,839,Casual Member
20757334,406,7671,03/26/2023 19:35,Yonge St / Montgomery Ave - SMART,7671.0,03/26/2023 19:41,Yonge St / Montgomery Ave - SMART,5806,Casual Member
20621879,260,7032,03/09/2023 23:26,Augusta Ave / Dundas St W,7298.0,03/09/2023 23:30,Bathurst St / Adelaide St W,3663,Annual Member
20800493,297,7022,03/30/2023 19:24,Simcoe St / Queen St W,7406.0,03/30/2023 19:29,Victoria St / Queen St E,4993,Casual Member
20753492,1608,7518,03/26/2023 16:20,Lake Shore Blvd W / Colborne Lodge Dr,7707.0,03/26/2023 16:47,,2197,Casual Member
20586488,318,7054,03/05/2023 20:33,Navy Wharf Ct. / Bremner Blvd.,7176.0,03/05/2023 20:38,Bathurst St / Fort York Blvd,538,Casual Member
20590471,1001,7020,03/06/2023 14:24,Phoebe St / Spadina Ave,7189.0,03/06/2023 14:41,Augusta Ave / Denison Sq,2876,Casual Member
20704743,673,7038,03/21/2023 16:39,Dundas St W / Yonge St,7105.0,03/21/2023 16:50,Queen St E / Sackville St,4016,Annual Member
20674651,480,7131,03/17/2023 18:34,Taddle Creek Park,7012.0,03/17/2023 18:42,Elizabeth St / Edward St (Bus Terminal),2882,Casual Member
20765023,630,7038,03/27/2023 17:42,Dundas St W / Yonge St,7285.0,03/27/2023 17:53,Spadina Ave / Harbord St - SMART,5558,Annual Member
20657813,612,7196,03/15/2023 19:56,Roxton Rd / Harbord St,7682.0,03/15/2023 20:06,,6091,Annual Member
20664495,252,7002,03/16/2023 16:02,St. George St / Bloor St W,7250.0,03/16/2023 16:07,St. George St / Russell St - SMART,5927,Casual Member
20785065,293,7366,03/29/2023 12:05,Fort York Blvd / Bathurst St SMART,7323.0,03/29/2023 12:09,457 King St. W. at Spadina,5190,Casual Member
20801771,472,7055,03/30/2023 21:39,Jarvis St / Carlton St,7119.0,03/30/2023 21:47,Sumach St / Carlton St. (Riverdale Farm),6976,Annual Member
20630077,2363,7443,03/11/2023 19:31,Dundas St E / George St,7433.0,03/11/2023 20:10,Dundas St E / Boulton Ave - SMART,2638,Casual Member
20590626,1761,7418,03/06/2023 14:45,College Park - Yonge St Entrance,7271.0,03/06/2023 15:15,Yonge St / Alexander St - SMART,7067,Casual Member
20753532,2314,7542,03/26/2023 16:22,Queen St W / John St,7253.0,03/26/2023 17:00,John St  / Mercer St - SMART,7091,Casual Member
20708676,620,7721,03/21/2023 20:04,,7391.0,03/21/2023 20:14,Yonge St / Dundas Sq,5649,Casual Member
20695348,1270,7289,03/20/2023 18:06,Humber Bay Shores Park East,7765.0,03/20/2023 18:27,,3312,Casual Member
20630672,138,7040,03/11/2023 21:03,Euclid Ave / Bloor St W,7040.0,03/11/2023 21:05,Euclid Ave / Bloor St W,7070,Casual Member
20770054,580,7245,03/28/2023 08:38,Tecumseth St / Queen St W - SMART,7202.0,03/28/2023 08:48,Queen St W / York St (City Hall),3627,Annual Member
20795189,406,7119,03/30/2023 12:49,Sumach St / Carlton St. (Riverdale Farm),7110.0,03/30/2023 12:55,Queen St E / Berkeley St,6328,Casual Member
20657000,119,7126,03/15/2023 18:48,Yonge St / Yorkville Ave,7246.0,03/15/2023 18:50,Yonge St / Bloor St,3028,Casual Member
20615974,557,7016,03/09/2023 13:29,Bay St / Queens Quay W (Ferry Terminal),7492.0,03/09/2023 13:38,324 Cherry St,3062,Annual Member
20793779,279,7191,03/30/2023 09:49,Central Tech  (Harbord St),7457.0,03/30/2023 09:54,Queen's Park Cres W / Hoskin Ave,5790,Annual Member
20719619,1695,7248,03/22/2023 19:31,Baldwin Ave / Spadina Ave - SMART,7321.0,03/22/2023 20:00,Front St W / University Ave (2),7047,Casual Member
20766128,795,7009,03/27/2023 18:59,King St E / Jarvis St,7009.0,03/27/2023 19:12,King St E / Jarvis St,2317,Casual Member
20707305,742,7549,03/21/2023 18:34,439 Sherbourne St,7058.0,03/21/2023 18:47,Huron/ Harbord St,3845,Casual Member
20766801,246,7026,03/27/2023 19:56,Bay St / St. Joseph St,7089.0,03/27/2023 20:00,Church St  / Wood St,5531,Casual Member
20613571,1024,7475,03/09/2023 08:46,Jarvis St / Richmond St E,7029.0,03/09/2023 09:03,Bay St / Bloor St W (East Side),3474,Casual Member
20674082,717,7020,03/17/2023 17:50,Phoebe St / Spadina Ave,7542.0,03/17/2023 18:02,Queen St W / John St,5717,Casual Member
20622317,284,7111,03/10/2023 04:48,King St W / Douro St,7720.0,03/10/2023 04:53,,3855,Annual Member
20733298,218,7083,03/24/2023 09:59,Danforth Ave / Barrington Ave,7659.0,03/24/2023 10:03,Amroth Ave / Danforth Ave,1187,Annual Member
20642830,285,7207,03/14/2023 02:30,Dundas St W / Crawford St,7189.0,03/14/2023 02:35,Augusta Ave / Denison Sq,902,Casual Member
20565919,1159,7246,03/02/2023 13:54,Yonge St / Bloor St,7208.0,03/02/2023 14:13,80 Clinton St (North of College),4751,Annual Member
20790315,555,7323,03/29/2023 21:01,457 King St. W. at Spadina,7458.0,03/29/2023 21:10,Church St / Lombard St,859,Casual Member
20571743,555,7070,03/03/2023 07:09,25 York St â Union Station South,7257.0,03/03/2023 07:18,Dundas St W / St. Patrick St,5994,Casual Member
20691465,596,7191,03/20/2023 12:17,Central Tech  (Harbord St),7190.0,03/20/2023 12:26,St. George St / Hoskin Ave,7194,Casual Member
20767252,363,7028,03/27/2023 20:53,Gould St / Mutual St,7012.0,03/27/2023 20:59,Elizabeth St / Edward St (Bus Terminal),4478,Casual Member
20644635,614,7693,03/14/2023 10:31,,7323.0,03/14/2023 10:41,457 King St. W. at Spadina,2231,Annual Member
20620580,968,7530,03/09/2023 19:40,Sherbourne St N / Elm Ave,7570.0,03/09/2023 19:56,Carlaw Ave / Dundas St E,2481,Casual Member
20769196,782,7298,03/28/2023 07:40,Bathurst St / Adelaide St W,7202.0,03/28/2023 07:53,Queen St W / York St (City Hall),3200,Casual Member
20778056,1026,7114,03/28/2023 19:01,Carlton St / Parliament St,7716.0,03/28/2023 19:18,,3016,Annual Member
20711704,1708,7173,03/22/2023 08:18,Cariboo St / Rail Path,7022.0,03/22/2023 08:46,Simcoe St / Queen St W,5786,Casual Member
20803502,932,7260,03/31/2023 07:49,Spadina Ave / Adelaide St W,7108.0,03/31/2023 08:04,Front St E / Cherry St,1447,Annual Member
20781696,453,7717,03/29/2023 07:00,,7322.0,03/29/2023 07:08,King St W / Brant St,1323,Casual Member
20716676,698,7320,03/22/2023 16:39,Front St W / University Ave (1),7682.0,03/22/2023 16:50,,2667,Annual Member
20625032,403,7161,03/10/2023 16:36,Beverley St / College St,7418.0,03/10/2023 16:42,College Park - Yonge St Entrance,1875,Casual Member
20684328,1667,7398,03/19/2023 11:13,York St / Lakeshore St W - South,7506.0,03/19/2023 11:41,Berkeley St / Adelaide St E - SMART,1173,Casual Member
20643977,689,7000,03/14/2023 08:53,Fort York  Blvd / Capreol Ct,7112.0,03/14/2023 09:05,Liberty St / Fraser Ave Green P,2031,Casual Member
20734365,443,7030,03/24/2023 12:09,Bay St / Wellesley St W,7693.0,03/24/2023 12:16,,3134,Casual Member
20570655,742,7033,03/02/2023 21:18,Union Station,7418.0,03/02/2023 21:30,College Park - Yonge St Entrance,2981,Casual Member
20638829,1378,7041,03/13/2023 13:27,Edward St / Yonge St,7102.0,03/13/2023 13:50,Nelson St / Duncan St,7231,Casual Member
20623920,172,7050,03/10/2023 10:00,Richmond St E / Jarvis St Green P,7462.0,03/10/2023 10:02,Richmond St E / Yonge St,5360,Casual Member
20728292,1351,7047,03/23/2023 18:38,University Ave / Gerrard St W (East Side),7184.0,03/23/2023 19:01,Ossington Ave / College St,942,Casual Member
20604340,379,7333,03/08/2023 08:33,King St E / Victoria St,7291.0,03/08/2023 08:39,190 Queens Quay E,4689,Annual Member
20770629,507,7399,03/28/2023 09:06,Lower Jarvis / Queens Quay E,7015.0,03/28/2023 09:14,King St W / Bay St (West Side),1667,Casual Member
20660666,467,7268,03/16/2023 08:45,111 Bond St (North of Dundas St E)  - SMART,7114.0,03/16/2023 08:53,Carlton St / Parliament St,1240,Casual Member
20751349,354,7121,03/26/2023 14:27,Jarvis St / Dundas St E,7100.0,03/26/2023 14:33,Dundas St E / Regent Park Blvd,6457,Casual Member
20601303,490,7721,03/07/2023 18:38,,7275.0,03/07/2023 18:46,Queen St W / James St,1999,Casual Member
20655075,596,7066,03/15/2023 16:55,Willcocks St / St. George St,7246.0,03/15/2023 17:05,Yonge St / Bloor St,2612,Casual Member
