Trip Id,Trip  Duration,Start Station Id,Start Time,Start Station Name,End Station Id,End Time,End Station Name,Bike Id,User Type
21097524,770,7409,04/20/2023 07:28,Isabella St / Church St,7386.0,04/20/2023 07:41,D'Arcy St. /McCaul St. SMART,3295,Casual Member
21137957,321,7105,04/22/2023 20:01,Queen St E / Sackville St,7114.0,04/22/2023 20:06,Carlton St / Parliament St,4059,Casual Member
21038368,802,7078,04/16/2023 02:40,College St / Major St,7437.0,04/16/2023 02:54,Concord Ave / Bloor St W,4354,Annual Member
21238428,1440,7420,04/29/2023 17:59,Barton St / Howland St - SMART,7534.0,04/29/2023 18:23,Walnut Ave / Queen St W,3310,Casual Member
20811420,383,7523,04/01/2023 10:58,Lynn Williams St / East Liberty St - SMART,7211.0,04/01/2023 11:05,Fort York Blvd / Garrison Rd,200,Casual Member
21185875,721,7047,04/26/2023 07:59,University Ave / Gerrard St W (East Side),7000.0,04/26/2023 08:11,Fort York  Blvd / Capreol Ct,807,Casual Member
21094407,571,7271,04/19/2023 20:40,Yonge St / Alexander St - SMART,7373.0,04/19/2023 20:49,George St / King St E,6191,Casual Member
20861391,611,7250,04/05/2023 18:23,St. George St / Russell St - SMART,7281.0,04/05/2023 18:33,Charles St W / Balmuto St - SMART,1811,Casual Member
21037079,960,7272,04/15/2023 23:56,Yonge St / Dundonald St - SMART,7432.0,04/16/2023 00:12,Frederick St / King St E,352,Casual Member
21068130,160,7026,04/17/2023 21:41,Bay St / St. Joseph St,7126.0,04/17/2023 21:44,Yonge St / Yorkville Ave,7205,Casual Member
20964900,1442,7288,04/12/2023 20:52,Humber Bay Shores Park West,7524.0,04/12/2023 21:16,Lisgar Park,513,Annual Member
20820017,239,7014,04/01/2023 22:32,Sherbourne St / Carlton St (Allan Gardens),7115.0,04/01/2023 22:36,Howard St / Sherbourne St,7110,Casual Member
21199261,1761,7065,04/26/2023 20:24,Dundas St E / Parliament St,7065.0,04/26/2023 20:53,Dundas St E / Parliament St,738,Casual Member
21227603,1404,7227,04/28/2023 13:06,Martin Goodman Trail (Marilyn Bell Park),7076.0,04/28/2023 13:29,York St / Queens Quay W,4283,Casual Member
20846382,753,7412,04/04/2023 10:35,King St W / Crawford St,7005.0,04/04/2023 10:48,King St W / York St,5095,Annual Member
20977639,1825,7429,04/13/2023 15:50,Woodbine Subway Station,7734.0,04/13/2023 16:20,,7257,Casual Member
20952171,426,7271,04/12/2023 12:29,Yonge St / Alexander St - SMART,7058.0,04/12/2023 12:36,Huron/ Harbord St,4074,Casual Member
21121795,3358,7381,04/21/2023 16:06,Yonge St / Orchard View Blvd,7620.0,04/21/2023 17:02,Eglinton Ave E / Redpath Ave,2192,Casual Member
21158302,500,7272,04/24/2023 11:05,Yonge St / Dundonald St - SMART,7052.0,04/24/2023 11:14,Wellington St W / Bay St,3502,Annual Member
21235468,548,7136,04/29/2023 09:59,Queen St W / Close Ave,7135.0,04/29/2023 10:08,Hanna Ave / Liberty St,4182,Casual Member
20959042,430,7010,04/12/2023 17:42,King St W / Spadina Ave,7473.0,04/12/2023 17:50,Adelaide St W / Strachan Ave,4894,Annual Member
21113966,965,7570,04/21/2023 07:38,Carlaw Ave / Dundas St E,7263.0,04/21/2023 07:54,Walton St / Elizabeth St - SMART,1510,Casual Member
20872014,331,7418,04/06/2023 17:08,College Park - Yonge St Entrance,7250.0,04/06/2023 17:14,St. George St / Russell St - SMART,5408,Annual Member
20870377,957,7543,04/06/2023 15:44,Nassau St / Bellevue Ave,7101.0,04/06/2023 16:00,Lower Sherbourne St / The Esplanade,4418,Annual Member
21210276,489,7257,04/27/2023 15:21,Dundas St W / St. Patrick St,7248.0,04/27/2023 15:29,Baldwin Ave / Spadina Ave - SMART,3356,Casual Member
21171547,840,7766,04/25/2023 10:08,,7685.0,04/25/2023 10:22,,1561,Annual Member
21191611,1291,7279,04/26/2023 14:07,Rosehill Ave / Avoca Ave - SMART,7279.0,04/26/2023 14:29,Rosehill Ave / Avoca Ave - SMART,2380,Casual Member
20827275,1396,7207,04/02/2023 17:11,Dundas St W / Crawford St,7475.0,04/02/2023 17:34,Jarvis St / Richmond St E,6642,Casual Member
20983621,683,7206,04/13/2023 18:35,Claremont St / Dundas St W,7685.0,04/13/2023 18:46,,4901,Casual Member
21191342,573,7710,04/26/2023 13:46,,7296.0,04/26/2023 13:55,Westmoreland Ave / Fernbank Ave,6726,Annual Member
20826510,1278,7055,04/02/2023 16:19,Jarvis St / Carlton St,7022.0,04/02/2023 16:40,Simcoe St / Queen St W,6768,Casual Member
20842858,558,7217,04/03/2023 22:18,Soho St / Queen St W,7533.0,04/03/2023 22:28,Housey St / Dan Leckie Way,2165,Casual Member
21210050,454,7399,04/27/2023 15:09,Lower Jarvis / Queens Quay E,7076.0,04/27/2023 15:16,York St / Queens Quay W,314,Casual Member
20854808,783,7150,04/04/2023 20:53,Dufferin St / Sylvan Av (Dufferin Grove Park),7148.0,04/04/2023 21:06,King St W / Joe Shuster Way,4688,Casual Member
21122026,1059,7240,04/21/2023 16:15,Bloor St W / Shaw Ave - SMART,7217.0,04/21/2023 16:33,Soho St / Queen St W,7031,Casual Member
21101917,198,7062,04/20/2023 12:49,University Ave / College St (West),7263.0,04/20/2023 12:52,Walton St / Elizabeth St - SMART,5542,Casual Member
21238152,156,7156,04/29/2023 17:32,Salem Ave / Bloor St W,7152.0,04/29/2023 17:34,Ossington Ave / Bloor St W,6211,Casual Member
21144469,609,7636,04/23/2023 12:06,Bloor St W / Riverside Ave,7086.0,04/23/2023 12:16,High Park - West Rd,4501,Casual Member
20873029,663,7600,04/06/2023 17:47,Russell St / Huron St - SMART,7385.0,04/06/2023 17:58,20 Charles St E,31,Casual Member
21042156,669,7069,04/16/2023 11:47,Queen St W / Spadina Ave,7633.0,04/16/2023 11:58,Noble St / Queen St W,2826,Casual Member
20943551,151,7240,04/11/2023 20:27,Bloor St W / Shaw Ave - SMART,7239.0,04/11/2023 20:30,Bloor St W / Manning Ave - SMART,1442,Casual Member
21185775,572,7377,04/26/2023 07:53,Balliol St / Yonge St  SMART,7540.0,04/26/2023 08:02,Alvin Ave / St Clair Ave E,5874,Casual Member
20861776,794,7275,04/05/2023 19:27,Queen St W / James St,7126.0,04/05/2023 19:40,Yonge St / Yorkville Ave,3654,Annual Member
20934286,2348,7041,04/11/2023 13:15,Edward St / Yonge St,7041.0,04/11/2023 13:54,Edward St / Yonge St,5970,Casual Member
20873752,552,7656,04/06/2023 18:16,Bloor St W / Brock Ave,7184.0,04/06/2023 18:26,Ossington Ave / College St,4608,Casual Member
20882445,732,7703,04/07/2023 13:54,,7762.0,04/07/2023 14:07,,1330,Annual Member
21208304,1076,7657,04/27/2023 13:14,1 Market St - SMART,7542.0,04/27/2023 13:32,Queen St W / John St,4687,Annual Member
20823257,633,7242,04/02/2023 12:29,Lake Shore Blvd W / Ontario Dr,7259.0,04/02/2023 12:40,Lower Spadina Ave / Lake Shore Blvd,19,Casual Member
21245823,1300,7311,04/30/2023 14:27,Sherbourne St / Isabella St,7258.0,04/30/2023 14:49,Queen St E / Rushbrooke Ave,3888,Casual Member
21220485,739,7333,04/27/2023 22:36,King St E / Victoria St,7108.0,04/27/2023 22:49,Front St E / Cherry St,5490,Casual Member
21122797,239,7030,04/21/2023 16:46,Bay St / Wellesley St W,7263.0,04/21/2023 16:50,Walton St / Elizabeth St - SMART,5872,Annual Member
21240250,1193,7148,04/29/2023 21:06,King St W / Joe Shuster Way,7147.0,04/29/2023 21:26,King St W / Fraser Ave,1291,Casual Member
21088837,928,7493,04/19/2023 16:30,Sackville St / Eastern Ave - SMART,7261.0,04/19/2023 16:45,Queens Quay E / Lower Sherbourne St,6611,Annual Member
21023641,2066,7576,04/15/2023 15:09,Front St E / Bayview Avenue,7462.0,04/15/2023 15:44,Richmond St E / Yonge St,5930,Casual Member
21108664,480,7713,04/20/2023 18:53,,7321.0,04/20/2023 19:01,Front St W / University Ave (2),3404,Casual Member
21113351,15669,7126,04/21/2023 05:37,Yonge St / Yorkville Ave,7391.0,04/21/2023 09:58,Yonge St / Dundas Sq,5423,Casual Member
20864336,1192,7497,04/06/2023 07:14,128 Sterling Ave - SMART,7406.0,04/06/2023 07:34,Victoria St / Queen St E,4358,Casual Member
20854659,735,7475,04/04/2023 20:35,Jarvis St / Richmond St E,7721.0,04/04/2023 20:47,,929,Annual Member
21236460,1132,7374,04/29/2023 13:18,Frederick St / The Esplanade,7075.0,04/29/2023 13:37,Queens Quay W / Dan Leckie Way,7228,Casual Member
21215847,531,7712,04/27/2023 18:28,,7196.0,04/27/2023 18:37,Roxton Rd / Harbord St,345,Annual Member
20935844,662,7124,04/11/2023 15:09,Dundas St E / Broadview Ave,7121.0,04/11/2023 15:20,Jarvis St / Dundas St E,5627,Casual Member
20860954,550,7248,04/05/2023 17:19,Baldwin Ave / Spadina Ave - SMART,7206.0,04/05/2023 17:28,Claremont St / Dundas St W,7043,Casual Member
21175044,731,7292,04/25/2023 14:52,Granby St / Church St - SMART,7170.0,04/25/2023 15:04,Spadina Ave / Willcocks St,7054,Casual Member
20886633,334,7547,04/07/2023 17:49,Orde St / McCaul St,7272.0,04/07/2023 17:55,Yonge St / Dundonald St - SMART,7074,Casual Member
21001829,775,7038,04/14/2023 16:49,Dundas St W / Yonge St,7252.0,04/14/2023 17:02,Robert St / Bloor St W - SMART,3408,Casual Member
21092280,718,7502,04/19/2023 18:38,University Ave / College St (East),7042.0,04/19/2023 18:50,Sherbourne St / Wellesley St E,278,Casual Member
21094526,615,7412,04/19/2023 20:53,King St W / Crawford St,7000.0,04/19/2023 21:03,Fort York  Blvd / Capreol Ct,3495,Casual Member
21215977,679,7015,04/27/2023 18:32,King St W / Bay St (West Side),7299.0,04/27/2023 18:43,Mill St / Parliament St,382,Casual Member
20941767,880,7091,04/11/2023 18:59,Donlands Station,7486.0,04/11/2023 19:14,Gerrard St E / Ted Reeve Dr,4627,Casual Member
21216288,2210,7040,04/27/2023 18:42,Euclid Ave / Bloor St W,7195.0,04/27/2023 19:18,Ulster St / Bathurst St,6334,Casual Member
20988382,80,7693,04/13/2023 21:54,,7693.0,04/13/2023 21:55,,1507,Casual Member
21160124,619,7021,04/24/2023 14:47,Bay St / Albert St,7683.0,04/24/2023 14:57,,6346,Casual Member
20945041,852,7034,04/11/2023 22:25,Church St / Bloor St E,7337.0,04/11/2023 22:39,Gerrard Square Mall (1010 Gerrard St E),4312,Casual Member
21048772,356,7435,04/16/2023 15:31,Rushton Rd / St Clair Ave W,7459.0,04/16/2023 15:37,St Clair Ave W / Winona Ave,658,Casual Member
21100478,1245,7575,04/20/2023 10:39,Bayview Ave / Lawren Harris Square,7721.0,04/20/2023 11:00,,6637,Casual Member
20943907,869,7374,04/11/2023 20:53,Frederick St / The Esplanade,7027.0,04/11/2023 21:08,Beverley  St / Dundas St W,5500,Casual Member
20895824,310,7462,04/08/2023 15:21,Richmond St E / Yonge St,7028.0,04/08/2023 15:26,Gould St / Mutual St,5722,Casual Member
21083555,599,7063,04/19/2023 08:46,Queen's Park / Bloor St W,7770.0,04/19/2023 08:56,,936,Casual Member
21159431,589,7099,04/24/2023 13:32,Cherry St / Mill St,7048.0,04/24/2023 13:42,Front St W / Yonge St (Hockey Hall of Fame),1762,Annual Member
21087774,423,7037,04/19/2023 15:25,Bathurst St / Dundas St W,7329.0,04/19/2023 15:32,Crawford St / Queen St W,171,Annual Member
21193830,557,7252,04/26/2023 16:38,Robert St / Bloor St W - SMART,7437.0,04/26/2023 16:47,Concord Ave / Bloor St W,5016,Annual Member
21161522,711,7006,04/24/2023 16:51,Bay St / College St (East Side),7577.0,04/24/2023 17:03,Oak St / Sumach St,6992,Casual Member
21229673,765,7549,04/28/2023 15:44,439 Sherbourne St,7299.0,04/28/2023 15:57,Mill St / Parliament St,415,Casual Member
21186761,899,7410,04/26/2023 08:36,Howard St / Rose Ave,7015.0,04/26/2023 08:51,King St W / Bay St (West Side),2466,Casual Member
20976938,474,7269,04/13/2023 15:17,Toronto Eaton Centre (Yonge St),7453.0,04/13/2023 15:25,Jarvis St / Maitland Pl,5160,Casual Member
20867612,1470,7257,04/06/2023 11:44,Dundas St W / St. Patrick St,7260.0,04/06/2023 12:09,Spadina Ave / Adelaide St W,5005,Casual Member
21099784,1861,7689,04/20/2023 09:34,,7208.0,04/20/2023 10:05,80 Clinton St (North of College),7174,Casual Member
20958202,1159,7463,04/12/2023 17:22,Adelaide St W / Brant St,7437.0,04/12/2023 17:41,Concord Ave / Bloor St W,632,Casual Member
20837978,767,7066,04/03/2023 16:53,Willcocks St / St. George St,7549.0,04/03/2023 17:05,439 Sherbourne St,98,Casual Member
20868239,290,7235,04/06/2023 12:42,Bay St / College St (West Side) - SMART,7668.0,04/06/2023 12:46,Simcoe St / Dundas St W - SMART,3918,Annual Member
20956761,592,7070,04/12/2023 16:45,25 York St  Union Station South,7533.0,04/12/2023 16:55,Housey St / Dan Leckie Way,3248,Casual Member
20917098,403,7762,04/10/2023 12:00,,7285.0,04/10/2023 12:06,Spadina Ave / Harbord St - SMART,6756,Casual Member
21088303,1329,7022,04/19/2023 16:01,Simcoe St / Queen St W,7226.0,04/19/2023 16:23,Lake Shore Blvd W / The Boulevard Club,1200,Casual Member
21061637,389,7245,04/17/2023 10:47,Tecumseth St / Queen St W - SMART,7542.0,04/17/2023 10:54,Queen St W / John St,5357,Casual Member
21088614,2003,7058,04/19/2023 16:18,Huron/ Harbord St,7644.0,04/19/2023 16:52,East Lynn Ave / Danforth Ave,3130,Casual Member
21090787,436,7542,04/19/2023 17:42,Queen St W / John St,7248.0,04/19/2023 17:50,Baldwin Ave / Spadina Ave - SMART,5303,Casual Member
20926965,846,7245,04/10/2023 20:55,Tecumseth St / Queen St W - SMART,7768.0,04/10/2023 21:09,,3642,Casual Member
21236788,1161,7193,04/29/2023 14:09,Queen St W / Gladstone Ave,7533.0,04/29/2023 14:29,Housey St / Dan Leckie Way,4321,Casual Member
20850365,479,7419,04/04/2023 16:51,Bloor St W / Huron St,7020.0,04/04/2023 16:59,Phoebe St / Spadina Ave,2069,Casual Member
20831466,2324,7404,04/03/2023 07:11,Roehampton Ave / Mount Pleasant Rd,7261.0,04/03/2023 07:50,Queens Quay E / Lower Sherbourne St,481,Casual Member
