Trip Id,Trip  Duration,Start Station Id,Start Time,Start Station Name,End Station Id,End Time,End Station Name,Bike Id,User Type
25865453,357,7772,10/27/2023 16:13,,7718.0,10/27/2023 16:19,,3473,Casual Member
25506699,261,7627,10/11/2023 16:40,Shaw St / Essex St - SMART,7144.0,10/11/2023 16:44,Palmerston Ave / Vermont Ave,6367,Casual Member
25808852,663,7207,10/25/2023 07:42,Dundas St W / Crawford St,7772.0,10/25/2023 07:53,,3061,Casual Member
25300643,524,7205,10/02/2023 14:45,Rusholme Park Cres / College St,7180.0,10/02/2023 14:53,Lansdowne Subway Station,7310,Casual Member
25691747,733,7324,10/19/2023 15:33,King St W / Charlotte St (West Side),7268.0,10/19/2023 15:45,111 Bond St (North of Dundas St E)  - SMART,5397,Casual Member
25769372,425,7026,10/23/2023 14:55,Bay St / St. Joseph St,7066.0,10/23/2023 15:02,Willcocks St / St. George St,5394,Casual Member
25349102,1605,7488,10/04/2023 07:56,Summerhill Ave / Maclennan Ave,7381.0,10/04/2023 08:23,Yonge St / Orchard View Blvd,6158,Casual Member
25577143,1587,7354,10/14/2023 15:04,Tommy Thompson Park (Leslie Street Spit),7365.0,10/14/2023 15:31,Kew Beach Ave / Kenilworth Ave,6461,Casual Member
25853795,512,7153,10/27/2023 07:35,Bloor St W / Christie St,7329.0,10/27/2023 07:44,Crawford St / Queen St W,548,Casual Member
25925195,736,7703,10/30/2023 17:04,,7004.0,10/30/2023 17:16,University Ave / Elm St,2355,Casual Member
25417868,624,7033,10/06/2023 16:44,Union Station,7366.0,10/06/2023 16:54,Fort York Blvd / Bathurst St SMART,6086,Casual Member
25585159,420,7204,10/14/2023 20:32,College St / Crawford St,7817.0,10/14/2023 20:39,,1231,Casual Member
25719973,505,7667,10/20/2023 20:41,Spadina Ave / Sussex Ave - SMART,7548.0,10/20/2023 20:49,St Joseph St / Bay St - SMART,947,Casual Member
25472805,546,7322,10/09/2023 23:23,King St W / Brant St,7757.0,10/09/2023 23:32,,4038,Casual Member
25948387,486,7246,10/31/2023 20:08,Yonge St / Bloor St,7409.0,10/31/2023 20:16,Isabella St / Church St,1048,Casual Member
25291351,229,7462,10/02/2023 07:52,Richmond St E / Yonge St,7284.0,10/02/2023 07:56,University Ave / King St W - SMART,5691,Casual Member
25832810,175,7252,10/26/2023 08:06,Robert St / Bloor St W - SMART,7132.0,10/26/2023 08:09,Kendal Ave / Spadina Rd,7961,Casual Member
25307864,1023,7038,10/02/2023 18:07,Dundas St W / Yonge St,7246.0,10/02/2023 18:24,Yonge St / Bloor St,7331,Casual Member
25388588,378,7059,10/05/2023 13:36,Front St W / Blue Jays Way,7053.0,10/05/2023 13:42,Metro Hall Plaza,489,Casual Member
25547232,587,7721,10/13/2023 09:27,,7047.0,10/13/2023 09:37,University Ave / Gerrard St W (East Side),6198,Casual Member
25936601,1856,7108,10/31/2023 09:59,Front St E / Cherry St,7119.0,10/31/2023 10:30,Sumach St / Carlton St. (Riverdale Farm),3675,Casual Member
25613593,182,7042,10/16/2023 10:55,Sherbourne St / Wellesley St E,7115.0,10/16/2023 10:58,Howard St / Sherbourne St,188,Casual Member
25868812,264,7453,10/27/2023 17:37,Jarvis St / Maitland Pl,7272.0,10/27/2023 17:42,Yonge St / Dundonald St - SMART,753,Casual Member
25732242,834,7432,10/21/2023 14:21,Frederick St / King St E,7043.0,10/21/2023 14:35,Queens Quay W / Lower Simcoe St,3812,Casual Member
25910761,310,7549,10/29/2023 16:59,439 Sherbourne St,7114.0,10/29/2023 17:04,Carlton St / Parliament St,3442,Casual Member
25563141,1297,7150,10/13/2023 19:53,Dufferin St / Sylvan Av (Dufferin Grove Park),7675.0,10/13/2023 20:15,1525 Dundas St,6187,Casual Member
25644749,532,7646,10/17/2023 17:29,University Ave / Richmond St W,7298.0,10/17/2023 17:38,Bathurst St / Adelaide St W,701,Casual Member
25904798,289,7267,10/29/2023 10:55,Dundas St E / Pembroke St - SMART,7045.0,10/29/2023 11:00,Bond St / Queen St E,3029,Casual Member
25878330,2024,7548,10/28/2023 00:53,St Joseph St / Bay St - SMART,7409.0,10/28/2023 01:26,Isabella St / Church St,3456,Casual Member
25693274,470,7160,10/19/2023 16:32,King St W / Tecumseth St,7059.0,10/19/2023 16:40,Front St W / Blue Jays Way,922,Casual Member
25275132,591,7647,10/01/2023 14:35,Elm St/ University Ave (East Side),7033.0,10/01/2023 14:45,Union Station,3209,Casual Member
25856444,976,7524,10/27/2023 09:34,Lisgar Park,7041.0,10/27/2023 09:50,Edward St / Yonge St,4560,Casual Member
25270200,1367,7135,10/01/2023 12:01,Hanna Ave / Liberty St,7022.0,10/01/2023 12:24,Simcoe St / Queen St W,4006,Casual Member
25655671,502,7712,10/18/2023 07:32,,7005.0,10/18/2023 07:40,King St W / York St,262,Casual Member
25342898,987,7541,10/03/2023 20:43,Bellwoods Ave / Treford Pl - SMART,7030.0,10/03/2023 21:00,Bay St / Wellesley St W,5650,Casual Member
25731488,692,7366,10/21/2023 13:53,Fort York Blvd / Bathurst St SMART,7058.0,10/21/2023 14:04,Huron/ Harbord St,6073,Casual Member
25367985,185,7175,10/04/2023 18:02,HTO Park (Queens Quay W),7076.0,10/04/2023 18:05,York St / Queens Quay W,2678,Casual Member
25339999,742,7662,10/03/2023 19:07,Beaty Ave / Queen St W,7205.0,10/03/2023 19:20,Rusholme Park Cres / College St,1095,Casual Member
25320324,783,7163,10/03/2023 08:36,Yonge St / Wood St,7323.0,10/03/2023 08:49,457 King St. W. at Spadina,30,Casual Member
25296111,485,7202,10/02/2023 11:15,Queen St W / York St (City Hall),7256.0,10/02/2023 11:24,Vanauley St / Queen St W - SMART,5656,Casual Member
25865137,805,7432,10/27/2023 16:04,Frederick St / King St E,7089.0,10/27/2023 16:17,Church St  / Wood St,6007,Casual Member
25753870,728,7761,10/22/2023 16:24,,7570.0,10/22/2023 16:37,Carlaw Ave / Dundas St E,3110,Casual Member
25943063,515,7657,10/31/2023 16:52,1 Market St - SMART,7599.0,10/31/2023 17:01,Richmond St W / York St,4212,Casual Member
25643110,339,7000,10/17/2023 17:00,Fort York  Blvd / Capreol Ct,7324.0,10/17/2023 17:06,King St W / Charlotte St (West Side),7273,Casual Member
25855267,839,7577,10/27/2023 08:44,Oak St / Sumach St,7015.0,10/27/2023 08:58,King St W / Bay St (West Side),2129,Casual Member
25764118,638,7178,10/23/2023 09:06,Dundas St W / Edna Ave,7226.0,10/23/2023 09:16,Lake Shore Blvd W / The Boulevard Club,5306,Casual Member
25509231,869,7102,10/11/2023 17:37,Nelson St / Duncan St,7008.0,10/11/2023 17:52,Wellesley St / Queen's Park Cres,834,Casual Member
25863132,550,7536,10/27/2023 14:49,Palmerston Ave / Dundas St W,7816.0,10/27/2023 14:58,,5438,Casual Member
25530430,361,7368,10/12/2023 15:46,Lisgar St / Dundas St SMART,7206.0,10/12/2023 15:52,Claremont St / Dundas St W,3855,Casual Member
25415423,570,7518,10/06/2023 15:27,Lake Shore Blvd W / Colborne Lodge Dr,7514.0,10/06/2023 15:37,Humber Bay Shores Park / Marine Parade Dr,5022,Casual Member
25816336,250,7050,10/25/2023 14:02,Richmond St E / Jarvis St Green P,7772.0,10/25/2023 14:06,,7052,Casual Member
25293751,611,7703,10/02/2023 09:13,,7048.0,10/02/2023 09:23,Front St W / Yonge St (Hockey Hall of Fame),4234,Casual Member
25943089,832,7148,10/31/2023 16:53,King St W / Joe Shuster Way,7324.0,10/31/2023 17:07,King St W / Charlotte St (West Side),5650,Casual Member
25334761,474,7634,10/03/2023 17:25,University Ave / Gerrard St W (WEST) - SMART,7253.0,10/03/2023 17:33,John St  / Mercer St - SMART,3954,Casual Member
25893028,2601,7012,10/28/2023 16:46,Elizabeth St / Edward St (Bus Terminal),7412.0,10/28/2023 17:30,King St W / Crawford St,6491,Casual Member
25295470,1148,7067,10/02/2023 10:41,Yonge St / Harbour St,7069.0,10/02/2023 11:00,Queen St W / Spadina Ave,3489,Casual Member
25548805,651,7000,10/13/2023 11:03,Fort York  Blvd / Capreol Ct,7791.0,10/13/2023 11:14,,5738,Casual Member
25700732,557,7076,10/19/2023 19:45,York St / Queens Quay W,7022.0,10/19/2023 19:54,Simcoe St / Queen St W,6061,Casual Member
25720301,571,7713,10/20/2023 21:04,,7474.0,10/20/2023 21:13,Clarence Square,222,Casual Member
25738570,1243,7239,10/21/2023 18:21,Bloor St W / Manning Ave - SMART,7038.0,10/21/2023 18:42,Dundas St W / Yonge St,8037,Casual Member
25631101,681,7311,10/17/2023 08:14,Sherbourne St / Isabella St,7021.0,10/17/2023 08:25,Bay St / Albert St,6215,Casual Member
25279076,1793,7203,10/01/2023 16:28,Bathurst St/Queens Quay(Billy Bishop Airport),7034.0,10/01/2023 16:58,Church St / Bloor St E,7140,Casual Member
25356675,275,7248,10/04/2023 12:13,Baldwin Ave / Spadina Ave - SMART,7256.0,10/04/2023 12:18,Vanauley St / Queen St W - SMART,2430,Casual Member
25307975,424,7273,10/02/2023 18:09,Bay St / Charles St - SMART,7058.0,10/02/2023 18:16,Huron/ Harbord St,754,Casual Member
25635112,478,7292,10/17/2023 10:28,Granby St / Church St - SMART,7796.0,10/17/2023 10:36,,6210,Casual Member
25783191,296,7443,10/24/2023 07:49,Dundas St E / George St,7041.0,10/24/2023 07:54,Edward St / Yonge St,6103,Casual Member
25666891,429,7257,10/18/2023 15:58,Dundas St W / St. Patrick St,7298.0,10/18/2023 16:06,Bathurst St / Adelaide St W,1427,Casual Member
25624773,748,7190,10/16/2023 19:39,St. George St / Hoskin Ave,7142.0,10/16/2023 19:51,Bridgeman Ave / Bathurst St,5917,Casual Member
25862000,378,7089,10/27/2023 14:05,Church St  / Wood St,7458.0,10/27/2023 14:11,Church St / Lombard St,5455,Casual Member
25370554,787,7030,10/04/2023 18:55,Bay St / Wellesley St W,7462.0,10/04/2023 19:08,Richmond St E / Yonge St,4585,Casual Member
25385975,480,7551,10/05/2023 11:27,The Esplanade / Hahn Pl,7716.0,10/05/2023 11:35,,2989,Casual Member
25720649,2378,7041,10/20/2023 21:22,Edward St / Yonge St,7202.0,10/20/2023 22:02,Queen St W / York St (City Hall),6304,Casual Member
25824815,627,7253,10/25/2023 18:25,John St  / Mercer St - SMART,7398.0,10/25/2023 18:36,York St / Lakeshore St W - South,3040,Casual Member
25737504,620,7418,10/21/2023 17:38,College Park - Yonge St Entrance,7721.0,10/21/2023 17:49,,4671,Casual Member
25524885,1641,7816,10/12/2023 11:04,,7474.0,10/12/2023 11:31,Clarence Square,1296,Casual Member
25435418,250,7054,10/07/2023 11:45,Navy Wharf Ct. / Bremner Blvd.,7033.0,10/07/2023 11:49,Union Station,3839,Casual Member
25488867,634,7581,10/10/2023 18:01,High Park Ave / Dundas St W,7479.0,10/10/2023 18:12,Jane St / Bloor St W (Jane Subway Station),1130,Casual Member
25491360,1020,7536,10/10/2023 19:59,Palmerston Ave / Dundas St W,7453.0,10/10/2023 20:16,Jarvis St / Maitland Pl,4523,Casual Member
25665039,690,7292,10/18/2023 14:34,Granby St / Church St - SMART,7015.0,10/18/2023 14:46,King St W / Bay St (West Side),5998,Casual Member
25824075,653,7015,10/25/2023 18:09,King St W / Bay St (West Side),7107.0,10/25/2023 18:20,Cherry St / Distillery Ln,1130,Casual Member
25407759,369,7207,10/06/2023 09:45,Dundas St W / Crawford St,7322.0,10/06/2023 09:51,King St W / Brant St,4262,Casual Member
25506354,832,7505,10/11/2023 16:28,Ontario St / Adelaide St E -SMART,7682.0,10/11/2023 16:42,,6605,Casual Member
25329103,422,7160,10/03/2023 14:52,King St W / Tecumseth St,7057.0,10/03/2023 15:00,Simcoe St / Wellington St South,2570,Casual Member
25937814,1071,7150,10/31/2023 11:34,Dufferin St / Sylvan Av (Dufferin Grove Park),7545.0,10/31/2023 11:52,Baldwin St / Henry St,4779,Casual Member
25443513,525,7148,10/07/2023 17:08,King St W / Joe Shuster Way,7524.0,10/07/2023 17:17,Lisgar Park,3450,Casual Member
25467763,1322,7702,10/09/2023 16:08,,7126.0,10/09/2023 16:30,Yonge St / Yorkville Ave,7498,Casual Member
25471178,166,7384,10/09/2023 19:47,Cumberland Ave / Bay St SMART,7272.0,10/09/2023 19:50,Yonge St / Dundonald St - SMART,6644,Casual Member
25582685,391,7196,10/14/2023 18:27,Roxton Rd / Harbord St,7150.0,10/14/2023 18:33,Dufferin St / Sylvan Av (Dufferin Grove Park),4803,Casual Member
25520046,468,7033,10/12/2023 08:07,Union Station,7045.0,10/12/2023 08:15,Bond St / Queen St E,5756,Casual Member
25495257,376,7324,10/11/2023 07:55,King St W / Charlotte St (West Side),7189.0,10/11/2023 08:01,Augusta Ave / Denison Sq,1215,Casual Member
25303943,657,7713,10/02/2023 16:39,,7770.0,10/02/2023 16:50,,2097,Casual Member
25527536,272,7366,10/12/2023 13:26,Fort York Blvd / Bathurst St SMART,7298.0,10/12/2023 13:30,Bathurst St / Adelaide St W,197,Casual Member
25565002,345,7076,10/13/2023 21:41,York St / Queens Quay W,7334.0,10/13/2023 21:47,Simcoe St / Wellington St North,6177,Casual Member
25866461,372,7126,10/27/2023 16:42,Yonge St / Yorkville Ave,7452.0,10/27/2023 16:48,Bleecker St / St James Ave,4002,Casual Member
25612234,551,7002,10/16/2023 09:29,St. George St / Bloor St W,7199.0,10/16/2023 09:38,College St / Markham St,5915,Casual Member
25436515,569,7404,10/07/2023 12:31,Roehampton Ave / Mount Pleasant Rd,7594.0,10/07/2023 12:41,Fleming Cres / Bayview Ave,7587,Casual Member
25726754,861,7667,10/21/2023 10:16,Spadina Ave / Sussex Ave - SMART,7006.0,10/21/2023 10:30,Bay St / College St (East Side),2994,Casual Member
25873315,2619,7520,10/27/2023 19:48,St Clarens Ave / Shirley Ave,7148.0,10/27/2023 20:31,King St W / Joe Shuster Way,6109,Casual Member
25566363,1057,7627,10/13/2023 23:14,Shaw St / Essex St - SMART,7246.0,10/13/2023 23:32,Yonge St / Bloor St,4578,Casual Member
25670312,443,7018,10/18/2023 17:29,Bremner Blvd / Rees St,7022.0,10/18/2023 17:36,Simcoe St / Queen St W,1155,Casual Member
