Trip Id,Trip  Duration,Start Station Id,Start Time,Start Station Name,End Station Id,End Time,End Station Name,Bike Id,User Type
24874142,516,7493,09/17/2023 13:34,Sackville St / Eastern Ave - SMART,7065.0,09/17/2023 13:43,Dundas St E / Parliament St,3656,Casual Member
24499485,628,7007,09/04/2023 13:45,College St / Huron St,7281.0,09/04/2023 13:55,Charles St W / Balmuto St - SMART,4310,Casual Member
24746642,1735,7483,09/13/2023 08:54,Southwood Dr / Kingston Rd - SMART,7321.0,09/13/2023 09:23,Front St W / University Ave (2),6642,Casual Member
24476962,205,7114,09/03/2023 16:24,Carlton St / Parliament St,7065.0,09/03/2023 16:27,Dundas St E / Parliament St,400,Casual Member
24860509,2307,7366,09/16/2023 21:06,Fort York Blvd / Bathurst St SMART,7072.0,09/16/2023 21:45,Fleet St / Bathurst St,4941,Casual Member
24707300,1305,7281,09/11/2023 18:33,Charles St W / Balmuto St - SMART,7818.0,09/11/2023 18:55,,5004,Casual Member
24565967,1203,7078,09/06/2023 19:08,College St / Major St,7346.0,09/06/2023 19:28,Logan Av / Gerrard St E,1074,Casual Member
25009588,335,7398,09/22/2023 01:42,York St / Lakeshore St W - South,7253.0,09/22/2023 01:47,John St  / Mercer St - SMART,2617,Casual Member
24563130,851,7545,09/06/2023 17:56,Baldwin St / Henry St,7111.0,09/06/2023 18:10,King St W / Douro St,6326,Casual Member
24603843,416,7475,09/08/2023 07:45,Jarvis St / Richmond St E,7169.0,09/08/2023 07:52,Front St W / Bay St (North Side),2922,Casual Member
24708723,319,7772,09/11/2023 19:05,,7685.0,09/11/2023 19:11,,2845,Casual Member
24613049,194,7662,09/08/2023 14:11,Beaty Ave / Queen St W,7633.0,09/08/2023 14:14,Noble St / Queen St W,4874,Casual Member
24837608,388,7044,09/16/2023 11:04,Church St / Alexander St,7042.0,09/16/2023 11:10,Sherbourne St / Wellesley St E,4903,Casual Member
24497564,2206,7299,09/04/2023 12:45,Mill St / Parliament St,7534.0,09/04/2023 13:22,Walnut Ave / Queen St W,1142,Casual Member
25126601,801,7791,09/26/2023 08:48,,7022.0,09/26/2023 09:01,Simcoe St / Queen St W,73,Casual Member
25098384,468,7283,09/25/2023 08:33,Front St W / Bay St (South Side),7261.0,09/25/2023 08:41,Queens Quay E / Lower Sherbourne St,4967,Casual Member
24448091,425,7004,09/02/2023 15:18,University Ave / Elm St,7418.0,09/02/2023 15:25,College Park - Yonge St Entrance,1338,Casual Member
24935544,1572,7191,09/19/2023 17:01,Central Tech  (Harbord St),7175.0,09/19/2023 17:27,HTO Park (Queens Quay W),4288,Casual Member
25026521,343,7015,09/22/2023 17:06,King St W / Bay St (West Side),7356.0,09/22/2023 17:12,King St E / Ontario St.,204,Casual Member
24805621,538,7543,09/15/2023 08:34,Nassau St / Bellevue Ave,7235.0,09/15/2023 08:43,Bay St / College St (West Side) - SMART,138,Casual Member
25007301,2057,7052,09/21/2023 22:07,Wellington St W / Bay St,7222.0,09/21/2023 22:41,Sunnyside - Gus Ryder Pool,3151,Casual Member
24817525,775,7272,09/15/2023 16:25,Yonge St / Dundonald St - SMART,7546.0,09/15/2023 16:38,Ross St / Cecil St - SMART,3056,Casual Member
25241570,498,7533,09/30/2023 11:05,Housey St / Dan Leckie Way,7168.0,09/30/2023 11:13,Queens Quay / Yonge St,4203,Casual Member
25234674,477,7412,09/29/2023 22:49,King St W / Crawford St,7253.0,09/29/2023 22:57,John St  / Mercer St - SMART,6127,Casual Member
24868801,165,7199,09/17/2023 10:41,College St / Markham St,7037.0,09/17/2023 10:43,Bathurst St / Dundas St W,6374,Casual Member
24679893,310,7271,09/10/2023 18:52,Yonge St / Alexander St - SMART,7246.0,09/10/2023 18:57,Yonge St / Bloor St,5032,Casual Member
24609656,1140,7548,09/08/2023 11:49,St Joseph St / Bay St - SMART,7058.0,09/08/2023 12:08,Huron/ Harbord St,5221,Casual Member
24777416,695,7263,09/14/2023 09:14,Walton St / Elizabeth St - SMART,7264.0,09/14/2023 09:26,Bloor St E / Huntley St - SMART,2963,Casual Member
25182836,657,7321,09/28/2023 07:46,Front St W / University Ave (2),7647.0,09/28/2023 07:57,Elm St/ University Ave (East Side),4030,Casual Member
24775246,214,7176,09/14/2023 08:27,Bathurst St / Fort York Blvd,7730.0,09/14/2023 08:31,,5353,Casual Member
24943467,266,7671,09/19/2023 19:44,Yonge St / Montgomery Ave - SMART,7378.0,09/19/2023 19:48,Yonge St / Davisville Ave,7541,Casual Member
24562006,562,7406,09/06/2023 17:34,Victoria St / Queen St E,7100.0,09/06/2023 17:44,Dundas St E / Regent Park Blvd,3820,Casual Member
25249295,316,7273,09/30/2023 15:10,Bay St / Charles St - SMART,7021.0,09/30/2023 15:15,Bay St / Albert St,656,Casual Member
24799288,169,7038,09/14/2023 21:19,Dundas St W / Yonge St,7816.0,09/14/2023 21:22,,4151,Casual Member
25162429,1653,7437,09/27/2023 13:25,Concord Ave / Bloor St W,7076.0,09/27/2023 13:52,York St / Queens Quay W,6176,Casual Member
25117843,559,7188,09/25/2023 20:02,Exhibition GO (Atlantic Ave),7298.0,09/25/2023 20:11,Bathurst St / Adelaide St W,1006,Casual Member
24901135,814,7100,09/18/2023 12:55,Dundas St E / Regent Park Blvd,7100.0,09/18/2023 13:09,Dundas St E / Regent Park Blvd,5129,Casual Member
24819860,1292,7686,09/15/2023 17:18,,7119.0,09/15/2023 17:40,Sumach St / Carlton St. (Riverdale Farm),2364,Casual Member
25186765,360,7281,09/28/2023 09:24,Charles St W / Balmuto St - SMART,7012.0,09/28/2023 09:30,Elizabeth St / Edward St (Bus Terminal),3458,Casual Member
24540600,757,7022,09/05/2023 21:11,Simcoe St / Queen St W,7100.0,09/05/2023 21:24,Dundas St E / Regent Park Blvd,4473,Casual Member
24894984,335,7238,09/18/2023 08:21,Sorauren/Geoffrey (Sorauren Park) - SMART,7675.0,09/18/2023 08:27,1525 Dundas St,2160,Casual Member
25253731,715,7317,09/30/2023 17:13,Hubbard Blvd / Balsam Av,7427.0,09/30/2023 17:25,Northern Dancer Blvd / Lake Shore Blvd E,2810,Casual Member
24832197,1593,7337,09/16/2023 01:39,Gerrard Square Mall (1010 Gerrard St E),7324.0,09/16/2023 02:05,King St W / Charlotte St (West Side),4039,Casual Member
24746663,172,7033,09/13/2023 08:54,Union Station,7684.0,09/13/2023 08:57,,6046,Casual Member
24975038,697,7022,09/20/2023 20:24,Simcoe St / Queen St W,7657.0,09/20/2023 20:36,1 Market St - SMART,3413,Casual Member
25193799,1004,7049,09/28/2023 15:18,Queen St W / Portland St,7063.0,09/28/2023 15:35,Queen's Park / Bloor St W,945,Casual Member
24482073,1109,7284,09/03/2023 18:40,University Ave / King St W - SMART,7534.0,09/03/2023 18:59,Walnut Ave / Queen St W,5726,Casual Member
25101743,574,7710,09/25/2023 10:44,,,09/25/2023 10:54,,6561,Casual Member
24677402,444,7207,09/10/2023 17:45,Dundas St W / Crawford St,7368.0,09/10/2023 17:53,Lisgar St / Dundas St SMART,1013,Casual Member
24531416,406,7099,09/05/2023 17:09,Cherry St / Mill St,7373.0,09/05/2023 17:15,George St / King St E,336,Casual Member
24654661,381,7176,09/09/2023 20:30,Bathurst St / Fort York Blvd,7018.0,09/09/2023 20:37,Bremner Blvd / Rees St,3843,Casual Member
25052473,233,7302,09/23/2023 15:01,Winona Dr / Davenport Rd,7526.0,09/23/2023 15:05,Bartlett Parkette,7582,Casual Member
25166952,1909,7788,09/27/2023 16:30,,7240.0,09/27/2023 17:02,Bloor St W / Shaw Ave - SMART,4389,Casual Member
25102794,154,7542,09/25/2023 11:45,Queen St W / John St,7027.0,09/25/2023 11:47,Beverley  St / Dundas St W,4257,Casual Member
24492609,456,7055,09/04/2023 08:56,Jarvis St / Carlton St,7542.0,09/04/2023 09:04,Queen St W / John St,2917,Casual Member
24867038,2183,7538,09/17/2023 08:49,Vaughan Rd /Wychwood Ave,7717.0,09/17/2023 09:25,,525,Casual Member
24864828,794,7191,09/17/2023 01:49,Central Tech  (Harbord St),7191.0,09/17/2023 02:02,Central Tech  (Harbord St),5941,Casual Member
24577194,975,7702,09/07/2023 08:55,,7418.0,09/07/2023 09:11,College Park - Yonge St Entrance,7550,Casual Member
24761166,959,7271,09/13/2023 17:41,Yonge St / Alexander St - SMART,7132.0,09/13/2023 17:57,Kendal Ave / Spadina Rd,876,Casual Member
24919355,768,7067,09/19/2023 06:43,Yonge St / Harbour St,7047.0,09/19/2023 06:56,University Ave / Gerrard St W (East Side),1775,Casual Member
24906564,477,7063,09/18/2023 16:50,Queen's Park / Bloor St W,7006.0,09/18/2023 16:58,Bay St / College St (East Side),532,Casual Member
24612696,279,7452,09/08/2023 13:56,Bleecker St / St James Ave,7034.0,09/08/2023 14:01,Church St / Bloor St E,5214,Casual Member
24570919,179,7170,09/06/2023 22:36,Spadina Ave / Willcocks St,7161.0,09/06/2023 22:39,Beverley St / College St,6545,Casual Member
25020026,909,7188,09/22/2023 13:34,Exhibition GO (Atlantic Ave),7220.0,09/22/2023 13:49,Lake Shore Blvd W / Ellis Ave,7011,Casual Member
24820808,901,7175,09/15/2023 17:39,HTO Park (Queens Quay W),7041.0,09/15/2023 17:54,Edward St / Yonge St,7325,Casual Member
25207281,1154,7020,09/28/2023 23:10,Phoebe St / Spadina Ave,7034.0,09/28/2023 23:30,Church St / Bloor St E,523,Casual Member
25056299,400,7284,09/23/2023 16:52,University Ave / King St W - SMART,7717.0,09/23/2023 16:59,,6470,Casual Member
25041378,199,7157,09/23/2023 08:19,Dufferin St / Bloor St,7157.0,09/23/2023 08:23,Dufferin St / Bloor St,3990,Casual Member
25254284,1161,7599,09/30/2023 17:28,Richmond St W / York St,7207.0,09/30/2023 17:47,Dundas St W / Crawford St,824,Casual Member
24688038,414,7717,09/11/2023 07:28,,7057.0,09/11/2023 07:35,Simcoe St / Wellington St South,2878,Casual Member
25244423,556,7153,09/30/2023 12:45,Bloor St W / Christie St,7170.0,09/30/2023 12:54,Spadina Ave / Willcocks St,4200,Casual Member
25055855,1360,7778,09/23/2023 16:39,,7789.0,09/23/2023 17:02,,7566,Casual Member
24576333,539,7126,09/07/2023 08:38,Yonge St / Yorkville Ave,7012.0,09/07/2023 08:47,Elizabeth St / Edward St (Bus Terminal),4597,Casual Member
24842981,202,7329,09/16/2023 13:40,Crawford St / Queen St W,7158.0,09/16/2023 13:43,King St W / Stafford St,4329,Casual Member
24427647,621,7054,09/01/2023 19:26,Navy Wharf Ct. / Bremner Blvd.,7245.0,09/01/2023 19:36,Tecumseth St / Queen St W - SMART,3128,Casual Member
24980564,1078,7160,09/21/2023 07:20,King St W / Tecumseth St,7634.0,09/21/2023 07:38,University Ave / Gerrard St W (WEST) - SMART,3974,Casual Member
24838223,840,7761,09/16/2023 11:23,,7102.0,09/16/2023 11:37,Nelson St / Duncan St,3571,Casual Member
24557287,535,7720,09/06/2023 15:35,,7321.0,09/06/2023 15:44,Front St W / University Ave (2),7265,Casual Member
24811591,397,7022,09/15/2023 12:54,Simcoe St / Queen St W,7047.0,09/15/2023 13:00,University Ave / Gerrard St W (East Side),1076,Casual Member
24626963,1199,7012,09/08/2023 20:52,Elizabeth St / Edward St (Bus Terminal),7285.0,09/08/2023 21:12,Spadina Ave / Harbord St - SMART,4035,Casual Member
24523196,874,7168,09/05/2023 10:57,Queens Quay / Yonge St,7463.0,09/05/2023 11:11,Adelaide St W / Brant St,2943,Casual Member
25177343,486,7432,09/27/2023 20:41,Frederick St / King St E,7168.0,09/27/2023 20:49,Queens Quay / Yonge St,4051,Casual Member
25254567,246,7375,09/30/2023 17:35,Front St E / Scott St,7462.0,09/30/2023 17:39,Richmond St E / Yonge St,2150,Casual Member
24453271,302,7322,09/02/2023 18:18,King St W / Brant St,7534.0,09/02/2023 18:23,Walnut Ave / Queen St W,4387,Casual Member
24998726,449,7113,09/21/2023 17:42,Parliament St / Aberdeen Ave,7795.0,09/21/2023 17:50,,5629,Casual Member
24449986,656,7046,09/02/2023 16:33,Niagara St / Richmond St W,7408.0,09/02/2023 16:44,University Ave / Armoury St,25,Casual Member
25070536,662,7542,09/24/2023 02:50,Queen St W / John St,7148.0,09/24/2023 03:01,King St W / Joe Shuster Way,5055,Casual Member
25222062,436,7030,09/29/2023 16:05,Bay St / Wellesley St W,7190.0,09/29/2023 16:13,St. George St / Hoskin Ave,3975,Casual Member
24947959,978,7543,09/19/2023 23:19,Nassau St / Bellevue Ave,7198.0,09/19/2023 23:36,Queen St W / Cowan Ave,5931,Casual Member
24515747,751,7766,09/05/2023 01:02,,7032.0,09/05/2023 01:15,Augusta Ave / Dundas St W,6070,Casual Member
24529539,1412,7102,09/05/2023 16:17,Nelson St / Duncan St,7271.0,09/05/2023 16:41,Yonge St / Alexander St - SMART,4426,Casual Member
25072957,938,7044,09/24/2023 09:25,Church St / Alexander St,7474.0,09/24/2023 09:41,Clarence Square,877,Casual Member
24630280,167,7256,09/09/2023 00:08,Vanauley St / Queen St W - SMART,7323.0,09/09/2023 00:11,457 King St. W. at Spadina,5765,Casual Member
24426947,1851,7575,09/01/2023 19:07,Bayview Ave / Lawren Harris Square,7106.0,09/01/2023 19:38,Mill St / Tannery Rd,5895,Casual Member
24561597,1263,7126,09/06/2023 17:27,Yonge St / Yorkville Ave,7620.0,09/06/2023 17:48,Eglinton Ave E / Redpath Ave,3342,Casual Member
24740867,258,7003,09/12/2023 23:46,Madison Ave / Bloor St W,7667.0,09/12/2023 23:50,Spadina Ave / Sussex Ave - SMART,3671,Casual Member
24593684,57856,7285,09/07/2023 18:40,Spadina Ave / Harbord St - SMART,7283.0,09/08/2023 10:44,Front St W / Bay St (South Side),3228,Casual Member
24527929,207,7063,09/05/2023 15:15,Queen's Park / Bloor St W,7273.0,09/05/2023 15:19,Bay St / Charles St - SMART,5936,Casual Member
24823852,1067,7798,09/15/2023 18:48,,7281.0,09/15/2023 19:06,Charles St W / Balmuto St - SMART,5804,Casual Member
24727001,433,7042,09/12/2023 16:20,Sherbourne St / Wellesley St E,7038.0,09/12/2023 16:27,Dundas St W / Yonge St,3861,Casual Member
