Trip Id,Trip  Duration,Start Station Id,Start Time,Start Station Name,End Station Id,End Time,End Station Name,Bike Id,User Type
26150557,281,7065,11/13/2023 16:05,Dundas St E / Parliament St,7104.0,11/13/2023 16:10,King St E / River St,5897,Casual Member
26300671,272,7034,11/23/2023 14:49,Church St / Bloor St E,7548.0,11/23/2023 14:53,St Joseph St / Bay St - SMART,4244,Casual Member
26048130,1165,7477,11/06/2023 15:55,Antler St / Campbell Ave - SMART,7252.0,11/06/2023 16:14,Robert St / Bloor St W - SMART,1772,Casual Member
26318143,930,7791,11/24/2023 17:28,,7234.0,11/24/2023 17:43,Roncesvalles Ave / Marmaduke St,622,Casual Member
26093477,703,7342,11/09/2023 17:49,Morse St / Eastern Ave,7065.0,11/09/2023 18:00,Dundas St E / Parliament St,1298,Casual Member
26043268,1780,7529,11/06/2023 08:48,Symington Ave / Davenport Rd,7089.0,11/06/2023 09:17,Church St  / Wood St,3247,Casual Member
25955059,655,7458,11/01/2023 09:17,Church St / Lombard St,7006.0,11/01/2023 09:28,Bay St / College St (East Side),2473,Casual Member
26002916,931,7217,11/03/2023 19:22,Soho St / Queen St W,7684.0,11/03/2023 19:38,,1871,Casual Member
26175006,629,7409,11/14/2023 22:32,Isabella St / Church St,7252.0,11/14/2023 22:42,Robert St / Bloor St W - SMART,6143,Casual Member
26103936,468,7398,11/10/2023 12:29,York St / Lakeshore St W - South,7458.0,11/10/2023 12:37,Church St / Lombard St,5524,Casual Member
26342648,183,7089,11/26/2023 19:41,Church St  / Wood St,7044.0,11/26/2023 19:44,Church St / Alexander St,2310,Casual Member
26222684,319,7757,11/17/2023 17:37,,7321.0,11/17/2023 17:42,Front St W / University Ave (2),42,Casual Member
26326950,1990,7061,11/25/2023 13:29,Dalton Rd / Bloor St W,7826.0,11/25/2023 14:02,,744,Casual Member
26091650,570,7079,11/09/2023 16:50,McGill St / Church St,7126.0,11/09/2023 17:00,Yonge St / Yorkville Ave,7906,Casual Member
26075244,1084,7409,11/08/2023 09:26,Isabella St / Church St,7020.0,11/08/2023 09:44,Phoebe St / Spadina Ave,4936,Casual Member
26372801,432,7675,11/29/2023 11:45,1525 Dundas St,7198.0,11/29/2023 11:52,Queen St W / Cowan Ave,5347,Casual Member
26263913,1027,7030,11/20/2023 17:40,Bay St / Wellesley St W,7144.0,11/20/2023 17:57,Palmerston Ave / Vermont Ave,1814,Casual Member
26238236,1607,7065,11/18/2023 17:15,Dundas St E / Parliament St,7002.0,11/18/2023 17:42,St. George St / Bloor St W,2116,Casual Member
26246783,714,7027,11/19/2023 12:21,Beverley  St / Dundas St W,7239.0,11/19/2023 12:33,Bloor St W / Manning Ave - SMART,5347,Casual Member
25972617,463,7026,11/02/2023 08:53,Bay St / St. Joseph St,7002.0,11/02/2023 09:01,St. George St / Bloor St W,3906,Casual Member
26152468,365,7245,11/13/2023 17:22,Tecumseth St / Queen St W - SMART,7323.0,11/13/2023 17:28,457 King St. W. at Spadina,2377,Casual Member
26258918,706,7796,11/20/2023 10:59,,7386.0,11/20/2023 11:10,D'Arcy St. /McCaul St. SMART,7328,Casual Member
25974304,1009,7216,11/02/2023 10:09,Wellington St W / Stafford St,7102.0,11/02/2023 10:26,Nelson St / Duncan St,5682,Casual Member
26318846,382,7101,11/24/2023 18:00,Lower Sherbourne St / The Esplanade,7099.0,11/24/2023 18:07,Cherry St / Mill St,5494,Casual Member
26144505,1309,7350,11/13/2023 09:18,Broadview Ave / Westwood Ave,7089.0,11/13/2023 09:40,Church St  / Wood St,4815,Casual Member
26345987,831,7271,11/27/2023 08:48,Yonge St / Alexander St - SMART,7260.0,11/27/2023 09:01,Spadina Ave / Adelaide St W,6260,Casual Member
26134748,613,7257,11/12/2023 14:23,Dundas St W / St. Patrick St,7207.0,11/12/2023 14:33,Dundas St W / Crawford St,5252,Casual Member
26216828,560,7207,11/17/2023 10:03,Dundas St W / Crawford St,7707.0,11/17/2023 10:12,,4278,Casual Member
26077692,164,7253,11/08/2023 13:11,John St  / Mercer St - SMART,7123.0,11/08/2023 13:14,424 Wellington St W,1019,Casual Member
26160665,312,7322,11/14/2023 08:33,King St W / Brant St,7112.0,11/14/2023 08:38,Liberty St / Fraser Ave Green P,2432,Casual Member
26134310,145,7028,11/12/2023 13:58,Gould St / Mutual St,7660.0,11/12/2023 14:00,285 Victoria St,5957,Casual Member
25994362,351,7046,11/03/2023 13:03,Niagara St / Richmond St W,7256.0,11/03/2023 13:09,Vanauley St / Queen St W - SMART,415,Casual Member
25965825,206,7409,11/01/2023 18:53,Isabella St / Church St,7311.0,11/01/2023 18:56,Sherbourne St / Isabella St,1778,Casual Member
26062267,574,7443,11/07/2023 14:37,Dundas St E / George St,7124.0,11/07/2023 14:46,Dundas St E / Broadview Ave,3828,Casual Member
26134937,607,7105,11/12/2023 14:35,Queen St E / Sackville St,7074.0,11/12/2023 14:45,King St E / Church St,6549,Casual Member
26181334,1002,7152,11/15/2023 10:49,Ossington Ave / Bloor St W,7548.0,11/15/2023 11:06,St Joseph St / Bay St - SMART,2750,Casual Member
26267311,1241,7465,11/20/2023 22:01,Russell Hill Rd / St Clair Ave W,7014.0,11/20/2023 22:22,Sherbourne St / Carlton St (Allan Gardens),4079,Casual Member
26353674,217,7049,11/27/2023 19:27,Queen St W / Portland St,7770.0,11/27/2023 19:30,,3852,Casual Member
26395000,554,7302,11/30/2023 22:21,Winona Dr / Davenport Rd,7529.0,11/30/2023 22:30,Symington Ave / Davenport Rd,5230,Casual Member
26226863,1514,7400,11/17/2023 22:26,Polson Pier,7022.0,11/17/2023 22:51,Simcoe St / Queen St W,6461,Casual Member
26103988,682,7041,11/10/2023 12:33,Edward St / Yonge St,7724.0,11/10/2023 12:44,,2758,Casual Member
26045586,544,7045,11/06/2023 11:42,Bond St / Queen St E,7505.0,11/06/2023 11:51,Ontario St / Adelaide St E -SMART,2142,Casual Member
26221143,433,7066,11/17/2023 16:29,Willcocks St / St. George St,7418.0,11/17/2023 16:37,College Park - Yonge St Entrance,2676,Casual Member
26327677,754,7660,11/25/2023 14:19,285 Victoria St,7124.0,11/25/2023 14:32,Dundas St E / Broadview Ave,5915,Casual Member
26143392,1001,7761,11/13/2023 08:33,,7245.0,11/13/2023 08:50,Tecumseth St / Queen St W - SMART,3266,Casual Member
25951127,294,7467,11/01/2023 01:53,Lower Simcoe St / Bremner Blvd,7599.0,11/01/2023 01:58,Richmond St W / York St,5076,Casual Member
26285973,811,7141,11/22/2023 16:34,Bridgeman Ave / Kendal Ave,7522.0,11/22/2023 16:47,Wallace Ave / Pauline Ave,5934,Casual Member
26098775,787,7810,11/10/2023 02:03,,7269.0,11/10/2023 02:16,Toronto Eaton Centre (Yonge St),5185,Casual Member
26244463,943,7324,11/19/2023 09:10,King St W / Charlotte St (West Side),7647.0,11/19/2023 09:26,Elm St/ University Ave (East Side),4781,Casual Member
26017269,324,7063,11/04/2023 16:42,Queen's Park / Bloor St W,7264.0,11/04/2023 16:47,Bloor St E / Huntley St - SMART,4667,Casual Member
26297745,246,7374,11/23/2023 10:51,Frederick St / The Esplanade,7099.0,11/23/2023 10:55,Cherry St / Mill St,7856,Casual Member
25967623,336,7095,11/01/2023 20:45,Danforth Ave / Ellerbeck St,7097.0,11/01/2023 20:50,Riverdale Park North (Broadview Ave),7150,Casual Member
26164871,523,7032,11/14/2023 12:56,Augusta Ave / Dundas St W,7028.0,11/14/2023 13:05,Gould St / Mutual St,5055,Casual Member
26284797,510,7399,11/22/2023 15:18,Lower Jarvis / Queens Quay E,7417.0,11/22/2023 15:27,King St W / Jordan St,69,Casual Member
26341050,361,7265,11/26/2023 16:02,Wallace Ave / Symington Ave - SMART,7223.0,11/26/2023 16:08,Parkside Dr / Bloor St W - SMART,355,Casual Member
26357033,588,7284,11/28/2023 07:58,University Ave / King St W - SMART,7007.0,11/28/2023 08:08,College St / Huron St,2289,Casual Member
26109413,1042,7032,11/10/2023 17:29,Augusta Ave / Dundas St W,7231.0,11/10/2023 17:47,Wright / Sorauren (Sorauren Park) - SMART,4661,Casual Member
25967145,393,7126,11/01/2023 20:07,Yonge St / Yorkville Ave,7038.0,11/01/2023 20:14,Dundas St W / Yonge St,5271,Casual Member
26231069,457,7821,11/18/2023 11:08,,7850.0,11/18/2023 11:15,,2715,Casual Member
26010686,516,7248,11/04/2023 11:47,Baldwin Ave / Spadina Ave - SMART,7263.0,11/04/2023 11:56,Walton St / Elizabeth St - SMART,4509,Casual Member
26164689,551,7246,11/14/2023 12:43,Yonge St / Bloor St,7007.0,11/14/2023 12:52,College St / Huron St,4763,Casual Member
26366529,854,7432,11/28/2023 19:42,Frederick St / King St E,7020.0,11/28/2023 19:57,Phoebe St / Spadina Ave,5691,Casual Member
26222474,502,7794,11/17/2023 17:29,,7175.0,11/17/2023 17:37,HTO Park (Queens Quay W),6537,Casual Member
26016478,756,7260,11/04/2023 16:08,Spadina Ave / Adelaide St W,7667.0,11/04/2023 16:21,Spadina Ave / Sussex Ave - SMART,6116,Casual Member
25998276,0,7386,11/03/2023 16:33,D'Arcy St. /McCaul St. SMART,7211.0,11/03/2023 16:33,Fort York Blvd / Garrison Rd,7295,Casual Member
26203609,1598,7326,11/16/2023 15:06,Davenport Rd / Lansdowne Ave,7149.0,11/16/2023 15:33,Yarmouth Rd / Christie St,5803,Casual Member
26155555,359,7032,11/13/2023 19:54,Augusta Ave / Dundas St W,7334.0,11/13/2023 20:00,Simcoe St / Wellington St North,1949,Casual Member
26364948,554,7285,11/28/2023 17:59,Spadina Ave / Harbord St - SMART,7536.0,11/28/2023 18:08,Palmerston Ave / Dundas St W,1994,Casual Member
26155997,144,7280,11/13/2023 20:30,Charles St E / Jarvis St - SMART,7034.0,11/13/2023 20:32,Church St / Bloor St E,2855,Casual Member
26346698,2029,7773,11/27/2023 09:22,,7381.0,11/27/2023 09:56,Yonge St / Orchard View Blvd,6596,Casual Member
26090222,858,7327,11/09/2023 15:42,Davenport Rd / Oakwood Rd - SMART,7131.0,11/09/2023 15:56,Taddle Creek Park,32,Casual Member
26306613,981,7418,11/23/2023 19:34,College Park - Yonge St Entrance,7667.0,11/23/2023 19:50,Spadina Ave / Sussex Ave - SMART,5947,Casual Member
26137046,546,7675,11/12/2023 16:35,1525 Dundas St,7701.0,11/12/2023 16:44,,421,Casual Member
26097609,197,7142,11/09/2023 21:59,Bridgeman Ave / Bathurst St,7149.0,11/09/2023 22:02,Yarmouth Rd / Christie St,7430,Casual Member
26002290,395,7717,11/03/2023 18:55,,7817.0,11/03/2023 19:02,,3433,Casual Member
26355225,166,7864,11/27/2023 22:56,,7531.0,11/27/2023 22:59,541 Huron St - SMART,1642,Casual Member
26263476,925,7019,11/20/2023 17:20,Temperance St. Station,7312.0,11/20/2023 17:36,Amelia St. / Sumach St.,1328,Casual Member
25958907,880,7003,11/01/2023 14:05,Madison Ave / Bloor St W,7453.0,11/01/2023 14:19,Jarvis St / Maitland Pl,4627,Casual Member
26135976,680,7078,11/12/2023 15:35,College St / Major St,7006.0,11/12/2023 15:47,Bay St / College St (East Side),4172,Casual Member
26067664,636,7502,11/07/2023 18:38,University Ave / College St (East),7033.0,11/07/2023 18:49,Union Station,6333,Casual Member
26302252,463,7111,11/23/2023 16:25,King St W / Douro St,7193.0,11/23/2023 16:33,Queen St W / Gladstone Ave,5361,Casual Member
26220802,424,7204,11/17/2023 16:09,College St / Crawford St,7547.0,11/17/2023 16:16,Orde St / McCaul St,424,Casual Member
26167431,511,7028,11/14/2023 16:08,Gould St / Mutual St,7105.0,11/14/2023 16:16,Queen St E / Sackville St,5420,Casual Member
26238954,1184,7131,11/18/2023 17:54,Taddle Creek Park,7240.0,11/18/2023 18:14,Bloor St W / Shaw Ave - SMART,2668,Casual Member
26127410,294,7058,11/11/2023 21:22,Huron/ Harbord St,7061.0,11/11/2023 21:27,Dalton Rd / Bloor St W,1666,Casual Member
26121497,959,7028,11/11/2023 14:32,Gould St / Mutual St,7298.0,11/11/2023 14:48,Bathurst St / Adelaide St W,1470,Casual Member
26210831,906,7253,11/16/2023 20:08,John St  / Mercer St - SMART,7236.0,11/16/2023 20:23,Thompson St / Broadview Ave - SMART,5887,Casual Member
26071759,689,7207,11/08/2023 05:46,Dundas St W / Crawford St,7430.0,11/08/2023 05:58,Marilyn Bell Park Tennis Court,5446,Casual Member
26170608,533,7285,11/14/2023 17:56,Spadina Ave / Harbord St - SMART,7536.0,11/14/2023 18:05,Palmerston Ave / Dundas St W,5648,Casual Member
26377170,880,7019,11/29/2023 17:58,Temperance St. Station,7410.0,11/29/2023 18:13,Howard St / Rose Ave,6043,Casual Member
26286692,413,7264,11/22/2023 17:05,Bloor St E / Huntley St - SMART,7127.0,11/22/2023 17:12,Bay St / Scollard St,6257,Casual Member
25986873,888,7839,11/02/2023 22:05,,7471.0,11/02/2023 22:20,Lake Shore Blvd W / Louisa St,2594,Casual Member
26294192,382,7524,11/23/2023 07:59,Lisgar Park,7298.0,11/23/2023 08:06,Bathurst St / Adelaide St W,3075,Casual Member
26159451,1114,7523,11/14/2023 07:46,Lynn Williams St / East Liberty St - SMART,7076.0,11/14/2023 08:05,York St / Queens Quay W,5801,Casual Member
25955554,1846,7821,11/01/2023 09:42,,7258.0,11/01/2023 10:13,Queen St E / Rushbrooke Ave,6358,Casual Member
26166248,427,7042,11/14/2023 14:54,Sherbourne St / Wellesley St E,7077.0,11/14/2023 15:01,College Park South,1732,Casual Member
26297056,128,7399,11/23/2023 09:56,Lower Jarvis / Queens Quay E,7261.0,11/23/2023 09:58,Queens Quay E / Lower Sherbourne St,7543,Casual Member
26085073,718,7259,11/09/2023 09:01,Lower Spadina Ave / Lake Shore Blvd,7399.0,11/09/2023 09:13,Lower Jarvis / Queens Quay E,1009,Casual Member
26390948,721,7053,11/30/2023 17:43,Metro Hall Plaza,7023.0,11/30/2023 17:55,College St / Borden St,3663,Casual Member
26032877,667,7078,11/05/2023 14:49,College St / Major St,7073.0,11/05/2023 15:00,Spadina Ave / Fort York Blvd,5322,Casual Member
