Trip Id,Trip  Duration,Start Station Id,Start Time,Start Station Name,End Station Id,End Time,End Station Name,Bike Id,User Type
22445701,1032,7274,06/21/2023 16:09,Queen's Park Cres E / Grosvenor St - SMART,7176.0,06/21/2023 16:26,Bathurst St / Fort York Blvd,6521,Casual Member
21982176,1874,7299,06/02/2023 21:01,Mill St / Parliament St,7206.0,06/02/2023 21:32,Claremont St / Dundas St W,3558,Annual Member
22484127,359,7593,06/22/2023 19:25,Roehampton St / Bayview Ave,7665.0,06/22/2023 19:31,Sunnybrook Health Centre - S Wing,5959,Casual Member
22321891,295,7408,06/17/2023 08:21,University Ave / Armoury St,7320.0,06/17/2023 08:26,Front St W / University Ave (1),5772,Casual Member
22029606,591,7684,06/04/2023 16:26,,7707.0,06/04/2023 16:36,,87,Casual Member
22165972,1235,7534,06/10/2023 10:41,Walnut Ave / Queen St W,7170.0,06/10/2023 11:01,Spadina Ave / Willcocks St,1014,Casual Member
22470824,1023,7791,06/22/2023 12:31,,7015.0,06/22/2023 12:48,King St W / Bay St (West Side),2781,Casual Member
22224177,1097,7174,06/13/2023 07:22,Bloor St W / Dundas St W,7141.0,06/13/2023 07:41,Bridgeman Ave / Kendal Ave,5147,Casual Member
22159298,381,7440,06/09/2023 22:26,Martin Goodman Trail / Ontario Dr,7171.0,06/09/2023 22:32,Ontario Place Blvd / Lake Shore Blvd W (East),5862,Casual Member
21954825,156,7029,06/01/2023 19:56,Bay St / Bloor St W (East Side),7126.0,06/01/2023 19:59,Yonge St / Yorkville Ave,2269,Casual Member
22605911,4170,7454,06/27/2023 19:23,Pottery Rd / Lower Don River Trail,7128.0,06/27/2023 20:33,Yonge St / Aylmer Ave,4039,Casual Member
22536885,2027,7770,06/24/2023 23:19,,7172.0,06/24/2023 23:52,Strachan Ave / Princes' Blvd,4159,Casual Member
21983477,612,7163,06/02/2023 22:12,Yonge St / Wood St,7131.0,06/02/2023 22:22,Taddle Creek Park,5752,Casual Member
22026338,2720,7271,06/04/2023 14:55,Yonge St / Alexander St - SMART,7246.0,06/04/2023 15:41,Yonge St / Bloor St,2721,Casual Member
22154602,351,7206,06/09/2023 19:08,Claremont St / Dundas St W,7153.0,06/09/2023 19:14,Bloor St W / Christie St,1036,Casual Member
22030750,8225,7688,06/04/2023 16:59,,7688.0,06/04/2023 19:16,,7296,Casual Member
22457539,1624,7289,06/21/2023 20:48,Humber Bay Shores Park East,7707.0,06/21/2023 21:15,,4918,Casual Member
21947985,733,7335,06/01/2023 17:14,Bay St / Bloor St W (West Side),7443.0,06/01/2023 17:27,Dundas St E / George St,4963,Casual Member
22343406,485,7248,06/17/2023 19:10,Baldwin Ave / Spadina Ave - SMART,7054.0,06/17/2023 19:18,Navy Wharf Ct. / Bremner Blvd.,633,Casual Member
22235044,143,7063,06/13/2023 15:51,Queen's Park / Bloor St W,7335.0,06/13/2023 15:53,Bay St / Bloor St W (West Side),3979,Casual Member
22384747,369,7252,06/19/2023 12:09,Robert St / Bloor St W - SMART,7002.0,06/19/2023 12:15,St. George St / Bloor St W,1132,Casual Member
21941406,482,7467,06/01/2023 12:32,Lower Simcoe St / Bremner Blvd,7366.0,06/01/2023 12:40,Fort York Blvd / Bathurst St SMART,1439,Casual Member
22471533,626,7688,06/22/2023 13:07,,7430.0,06/22/2023 13:18,Marilyn Bell Park Tennis Court,6137,Casual Member
22552394,2566,7030,06/25/2023 15:17,Bay St / Wellesley St W,7191.0,06/25/2023 15:59,Central Tech  (Harbord St),2738,Casual Member
21982391,783,7675,06/02/2023 21:11,1525 Dundas St,7032.0,06/02/2023 21:24,Augusta Ave / Dundas St W,7180,Casual Member
22676236,2370,7256,06/30/2023 13:57,Vanauley St / Queen St W - SMART,7256.0,06/30/2023 14:37,Vanauley St / Queen St W - SMART,6096,Casual Member
22557184,1575,7171,06/25/2023 17:25,Ontario Place Blvd / Lake Shore Blvd W (East),7440.0,06/25/2023 17:52,Martin Goodman Trail / Ontario Dr,3043,Casual Member
22456414,1378,7418,06/21/2023 20:11,College Park - Yonge St Entrance,7633.0,06/21/2023 20:33,Noble St / Queen St W,2940,Casual Member
22532512,1614,7162,06/24/2023 20:07,Hayter St / Laplante Ave,7687.0,06/24/2023 20:34,,6947,Casual Member
22384011,488,7042,06/19/2023 11:23,Sherbourne St / Wellesley St E,7273.0,06/19/2023 11:31,Bay St / Charles St - SMART,5999,Casual Member
22117506,161,7389,06/08/2023 01:04,College Park- Gerrard Entrance,7028.0,06/08/2023 01:07,Gould St / Mutual St,2999,Casual Member
22125705,405,7273,06/08/2023 12:49,Bay St / Charles St - SMART,7766.0,06/08/2023 12:56,,7212,Casual Member
22114581,352,7285,06/07/2023 21:08,Spadina Ave / Harbord St - SMART,7026.0,06/07/2023 21:13,Bay St / St. Joseph St,2430,Casual Member
22439314,916,7343,06/21/2023 10:37,Alton Ave / Dundas St E (Greenwood Park),7045.0,06/21/2023 10:53,Bond St / Queen St E,6954,Casual Member
22314601,213,7389,06/16/2023 20:33,College Park- Gerrard Entrance,7012.0,06/16/2023 20:36,Elizabeth St / Edward St (Bus Terminal),3218,Casual Member
22225221,694,7055,06/13/2023 08:08,Jarvis St / Carlton St,7657.0,06/13/2023 08:20,1 Market St - SMART,1134,Casual Member
21987218,1026,7041,06/03/2023 04:04,Edward St / Yonge St,7252.0,06/03/2023 04:21,Robert St / Bloor St W - SMART,5282,Annual Member
21963244,1047,7229,06/02/2023 08:04,Dundas St W / Roncesvalles Green P - SMART,7046.0,06/02/2023 08:21,Niagara St / Richmond St W,2930,Casual Member
22238015,738,7244,06/13/2023 17:22,Dufferin Gate - SMART,7160.0,06/13/2023 17:35,King St W / Tecumseth St,3441,Casual Member
22242843,1197,7006,06/13/2023 21:37,Bay St / College St (East Side),7596.0,06/13/2023 21:57,Langford Ave / Danforth Ave - SMART,4587,Casual Member
22308926,474,7079,06/16/2023 17:53,McGill St / Church St,7462.0,06/16/2023 18:00,Richmond St E / Yonge St,7005,Casual Member
22581795,791,7104,06/26/2023 18:13,King St E / River St,7021.0,06/26/2023 18:26,Bay St / Albert St,3620,Casual Member
22600300,362,7386,06/27/2023 16:08,D'Arcy St. /McCaul St. SMART,7321.0,06/27/2023 16:14,Front St W / University Ave (2),6966,Casual Member
22159031,552,7253,06/09/2023 22:13,John St  / Mercer St - SMART,7202.0,06/09/2023 22:22,Queen St W / York St (City Hall),5211,Casual Member
22389672,678,7157,06/19/2023 16:11,Dufferin St / Bloor St,7239.0,06/19/2023 16:22,Bloor St W / Manning Ave - SMART,689,Casual Member
21959905,620,7273,06/01/2023 23:31,Bay St / Charles St - SMART,7191.0,06/01/2023 23:41,Central Tech  (Harbord St),4966,Casual Member
21935383,961,7344,06/01/2023 07:55,Cherry Beach,7074.0,06/01/2023 08:11,King St E / Church St,1289,Casual Member
21976717,842,7682,06/02/2023 17:42,,7155.0,06/02/2023 17:56,Bathurst St / Lennox St,451,Casual Member
22224529,711,7156,06/13/2023 07:41,Salem Ave / Bloor St W,7058.0,06/13/2023 07:53,Huron/ Harbord St,1016,Annual Member
22062291,910,7656,06/05/2023 21:00,Bloor St W / Brock Ave,7641.0,06/05/2023 21:15,Annette St / Dundas W,3285,Casual Member
22033244,2548,7344,06/04/2023 18:07,Cherry Beach,7322.0,06/04/2023 18:50,King St W / Brant St,2238,Casual Member
22424454,1526,7502,06/20/2023 18:57,University Ave / College St (East),7424.0,06/20/2023 19:23,Merton St / Mount Pleasant Rd,4273,Casual Member
22451138,310,7164,06/21/2023 18:03,Gould St / Yonge St (Ryerson University),7164.0,06/21/2023 18:09,Gould St / Yonge St (Ryerson University),7236,Casual Member
21972233,1121,7152,06/02/2023 15:24,Ossington Ave / Bloor St W,7176.0,06/02/2023 15:43,Bathurst St / Fort York Blvd,2118,Casual Member
22400880,2086,7207,06/19/2023 21:21,Dundas St W / Crawford St,7542.0,06/19/2023 21:56,Queen St W / John St,6213,Casual Member
22395569,2649,7168,06/19/2023 18:31,Queens Quay / Yonge St,7288.0,06/19/2023 19:15,Humber Bay Shores Park West,4409,Casual Member
22511060,402,7324,06/23/2023 22:32,King St W / Charlotte St (West Side),7073.0,06/23/2023 22:39,Spadina Ave / Fort York Blvd,6614,Casual Member
22108932,476,7078,06/07/2023 18:02,College St / Major St,7770.0,06/07/2023 18:10,,6229,Casual Member
22653099,617,7770,06/29/2023 16:39,,7321.0,06/29/2023 16:50,Front St W / University Ave (2),5664,Casual Member
22395697,146,7264,06/19/2023 18:35,Bloor St E / Huntley St - SMART,7264.0,06/19/2023 18:37,Bloor St E / Huntley St - SMART,7029,Casual Member
22613279,1372,7138,06/28/2023 07:21,Davenport Rd / Christie St,7462.0,06/28/2023 07:44,Richmond St E / Yonge St,7290,Casual Member
22556268,638,7248,06/25/2023 17:00,Baldwin Ave / Spadina Ave - SMART,7002.0,06/25/2023 17:10,St. George St / Bloor St W,2821,Casual Member
22307094,1715,7473,06/16/2023 17:08,Adelaide St W / Strachan Ave,7021.0,06/16/2023 17:36,Bay St / Albert St,2783,Casual Member
22034558,448,7020,06/04/2023 18:47,Phoebe St / Spadina Ave,7012.0,06/04/2023 18:55,Elizabeth St / Edward St (Bus Terminal),1796,Annual Member
22636242,445,7340,06/28/2023 22:27,Blake St / Boultbee Ave,7340.0,06/28/2023 22:35,Blake St / Boultbee Ave,553,Casual Member
22394512,306,7034,06/19/2023 18:06,Church St / Bloor St E,7089.0,06/19/2023 18:11,Church St  / Wood St,5457,Casual Member
22581682,1096,7155,06/26/2023 18:10,Bathurst St / Lennox St,7322.0,06/26/2023 18:28,King St W / Brant St,1225,Casual Member
22243680,237,7176,06/13/2023 22:44,Bathurst St / Fort York Blvd,7416.0,06/13/2023 22:48,Spadina Ave / Blue Jays Way,5766,Casual Member
22469605,742,7203,06/22/2023 11:22,Bathurst St/Queens Quay(Billy Bishop Airport),7076.0,06/22/2023 11:34,York St / Queens Quay W,3296,Casual Member
22100108,581,7142,06/07/2023 12:03,Bridgeman Ave / Bathurst St,7285.0,06/07/2023 12:13,Spadina Ave / Harbord St - SMART,1129,Casual Member
22176460,1829,7288,06/10/2023 15:46,Humber Bay Shores Park West,7666.0,06/10/2023 16:16,Dundas St W / St Helen Ave - SMART,4377,Casual Member
22109984,336,7684,06/07/2023 18:26,,7259.0,06/07/2023 18:32,Lower Spadina Ave / Lake Shore Blvd,5072,Casual Member
22344071,3005,7175,06/17/2023 19:28,HTO Park (Queens Quay W),7007.0,06/17/2023 20:18,College St / Huron St,255,Casual Member
22464197,486,7620,06/22/2023 07:47,Eglinton Ave E / Redpath Ave,7665.0,06/22/2023 07:55,Sunnybrook Health Centre - S Wing,7066,Casual Member
22688180,151,7270,06/30/2023 20:35,Church St / Dundas St E - SMART,7028.0,06/30/2023 20:37,Gould St / Mutual St,3490,Casual Member
21983117,892,7453,06/02/2023 21:50,Jarvis St / Maitland Pl,7097.0,06/02/2023 22:05,Riverdale Park North (Broadview Ave),6838,Casual Member
22688466,623,7322,06/30/2023 20:48,King St W / Brant St,7416.0,06/30/2023 20:58,Spadina Ave / Blue Jays Way,6513,Casual Member
22504288,795,7180,06/23/2023 17:21,Lansdowne Subway Station,7040.0,06/23/2023 17:35,Euclid Ave / Bloor St W,2922,Casual Member
21937944,320,7030,06/01/2023 09:11,Bay St / Wellesley St W,7647.0,06/01/2023 09:16,Elm St/ University Ave (East Side),4889,Casual Member
21974834,1307,7043,06/02/2023 16:54,Queens Quay W / Lower Simcoe St,7418.0,06/02/2023 17:16,College Park - Yonge St Entrance,7258,Casual Member
22299143,92,7062,06/16/2023 11:36,University Ave / College St (West),7004.0,06/16/2023 11:38,University Ave / Elm St,4581,Casual Member
22440428,733,7078,06/21/2023 11:48,College St / Major St,7055.0,06/21/2023 12:00,Jarvis St / Carlton St,3850,Casual Member
22051754,1254,7142,06/05/2023 15:45,Bridgeman Ave / Bathurst St,7437.0,06/05/2023 16:06,Concord Ave / Bloor St W,7056,Casual Member
22508139,317,7021,06/23/2023 19:48,Bay St / Albert St,7668.0,06/23/2023 19:54,Simcoe St / Dundas St W - SMART,6364,Casual Member
21946782,106,7204,06/01/2023 16:46,College St / Crawford St,7184.0,06/01/2023 16:48,Ossington Ave / College St,2949,Casual Member
22518278,2409,7072,06/24/2023 12:05,Fleet St / Bathurst St,7702.0,06/24/2023 12:45,,3772,Casual Member
22055411,364,7406,06/05/2023 17:33,Victoria St / Queen St E,7389.0,06/05/2023 17:39,College Park- Gerrard Entrance,6014,Annual Member
22228430,898,7536,06/13/2023 09:43,Palmerston Ave / Dundas St W,7043.0,06/13/2023 09:58,Queens Quay W / Lower Simcoe St,2111,Casual Member
22530923,829,7095,06/24/2023 19:18,Danforth Ave / Ellerbeck St,7710.0,06/24/2023 19:32,,6625,Casual Member
22673450,449,7030,06/30/2023 11:40,Bay St / Wellesley St W,7667.0,06/30/2023 11:48,Spadina Ave / Sussex Ave - SMART,4141,Casual Member
22553260,2947,7623,06/25/2023 15:39,Royal York Rd / Lake Shore Blvd W,7623.0,06/25/2023 16:29,Royal York Rd / Lake Shore Blvd W,5404,Casual Member
22127908,203,7241,06/08/2023 15:20,519 Church St - SMART,7163.0,06/08/2023 15:23,Yonge St / Wood St,2327,Casual Member
22239966,1895,7041,06/13/2023 18:17,Edward St / Yonge St,7418.0,06/13/2023 18:49,College Park - Yonge St Entrance,7285,Casual Member
22099773,1045,7002,06/07/2023 11:43,St. George St / Bloor St W,7077.0,06/07/2023 12:01,College Park South,3196,Casual Member
22598111,4164,7462,06/27/2023 13:39,Richmond St E / Yonge St,7686.0,06/27/2023 14:49,,6056,Casual Member
22019778,103,7026,06/04/2023 11:34,Bay St / St. Joseph St,7029.0,06/04/2023 11:36,Bay St / Bloor St W (East Side),1155,Casual Member
22374809,4034,7569,06/18/2023 21:13,Toronto Inukshuk Park,7189.0,06/18/2023 22:20,Augusta Ave / Denison Sq,759,Casual Member
22533276,920,7069,06/24/2023 20:34,Queen St W / Spadina Ave,7043.0,06/24/2023 20:49,Queens Quay W / Lower Simcoe St,4364,Casual Member
22484810,1670,7222,06/22/2023 19:43,Sunnyside - Gus Ryder Pool,7467.0,06/22/2023 20:10,Lower Simcoe St / Bremner Blvd,6211,Casual Member
21955793,217,7457,06/01/2023 20:28,Queen's Park Cres W / Hoskin Ave,7384.0,06/01/2023 20:31,Cumberland Ave / Bay St SMART,1470,Casual Member
